{
    "dy_load_list": [

    ],
    "format_version": "1.14.0",
    "sound_definitions": {
        "Death": {
            "category": "hostile",
            "max_distance": 30,
            "min_distance": 15,
            "sounds": [
                {
                    "name": "sounds/customsound/goatman_death",
                    "volume":5
                }
            ]
        },
        "idle":{
            "category": "hostile",
            "max_distance": 30,
            "min_distance": 15,
            "sounds": [
                {
                    "name": "sounds/customsound/idle1",
                    "volume":5
                },
                {
                    "name": "sounds/customsound/idle2",
                    "volume":5
                },
                {
                    "name": "sounds/customsound/idle3",
                    "volume":5
                }
            ]
        },
        "step":{
            "category": "hostile",
            "max_distance": 30,
            "min_distance": 15,
            "sounds": [
                {
                    "name": "sounds/customsound/trot_1",
                    "volume":5
                },
                {
                    "name": "sounds/customsound/trot_2",
                    "volume":5
                },
                {
                    "name": "sounds/customsound/trot_3",
                    "volume":5
                },
                {
                    "name": "sounds/customsound/trot_4",
                    "volume":5
                }
            ]
        },
        "hurt":{
            "category": "hostile",
            "max_distance": 30,
            "min_distance": 15,
            "sounds": [
                {
                    "name": "sounds/customsound/goatman_hurt_1",
                    "volume":5
                },
                {
                    "name": "sounds/customsound/goatman_hurt_2",
                    "volume":5
                },
                {
                    "name": "sounds/customsound/goatman_hurt_3",
                    "volume":5
                },
                {
                    "name": "sounds/customsound/tgoatman_hurt_4",
                    "volume":5
                }
            ]            
        }
    }
}