{
    "format_version": "1.10.0",
    "animation_controllers": {
        "controller.animation.goatman": {
            "initial_state": "calm_idle",
            "states": {
                "calm_idle": {
                    "animations": [
                        "calm_idle"
                    ],
                    "transitions": [
                        {
                            "calm_move": "query.modified_move_speed > 0.1 && !query.is_sneaking && !query.is_sprinting"
                        },
                        {
                            "crouch_idle": "query.is_sneaking && query.modified_move_speed < 0.1"
                        },
                        {
                            "run_idle": "query.is_sprinting && query.modified_move_speed < 0.1"
                        }
                    ]
                },
                "calm_move": {
                    "animations": [
                        "calm_move"
                    ],
                    "transitions": [
                        {
                            "calm_idle": "query.modified_move_speed < 0.1 && !query.is_sneaking"
                        },
                        {
                            "crouch_run_new": "query.is_sneaking && query.modified_move_speed > 0.1"
                        },
                        {
                            "new_run": "query.is_sprinting"
                        }
                    ]
                },
                "crouch_idle": {
                    "animations": [
                        "crouch_idle"
                    ],
                    "transitions": [
                        {
                            "crouch_run_new": "query.is_sneaking && query.modified_move_speed > 0.1"
                        },
                        {
                            "calm_idle": "!query.is_sneaking && query.modified_move_speed < 0.1"
                        }
                    ]
                },
                "crouch_run_new": {
                    "animations": [
                        "crouch_run_new"
                    ],
                    "transitions": [
                        {
                            "crouch_idle": "query.is_sneaking && query.modified_move_speed < 0.1"
                        },
                        {
                            "calm_move": "!query.is_sneaking && query.modified_move_speed > 0.1"
                        },
                        {
                            "new_run": "query.is_sprinting"
                        }
                    ]
                },
                "run_idle": {
                    "animations": [
                        "run_idle"
                    ],
                    "transitions": [
                        {
                            "new_run": "query.is_sprinting && query.modified_move_speed > 0.1"
                        },
                        {
                            "calm_idle": "!query.is_sprinting && query.modified_move_speed < 0.1"
                        }
                    ]
                },
                "new_run": {
                    "animations": [
                        "new_run"
                    ],
                    "transitions": [
                        {
                            "run_idle": "query.is_sprinting && query.modified_move_speed < 0.1"
                        },
                        {
                            "calm_move": "!query.is_sprinting && query.modified_move_speed > 0.1"
                        },
                        {
                            "calm_idle": "query.modified_move_speed < 0.1 && !query.is_sprinting"
                        }
                    ]
                },
                "flee": {
                    "animations": [
                        "flee"
                    ],
                    "transitions": [
                        {
                            "calm_idle": "!query.is_avoiding_mobs && query.modified_move_speed < 0.1"
                        },
                        {
                            "calm_move": "!query.is_avoiding_mobs && query.modified_move_speed > 0.1"
                        }
                    ]
                },
                "spotted": {
                    "animations": [
                        "spotted"
                    ],
                    "transitions": [
                        {
                            "calm_idle": "1.0"
                        }
                    ]
                }
            }
        }
    }
}
