{
	"format_version": "1.12.0",
	"minecraft:geometry": [
		{
			"description": {
				"identifier": "geometry.goatman",
				"texture_width": 128,
				"texture_height": 128,
				"visible_bounds_width": 6,
				"visible_bounds_height": 6,
				"visible_bounds_offset": [0, 2, 0]
			},
			"bones": [
				{
					"name": "base",
					"pivot": [0, 21.3, 0],
					"rotation": [0, -90, 0]
				},
				{
					"name": "lowerbody",
					"parent": "base",
					"pivot": [0, 21.3, 0],
					"rotation": [0, 0, 5],
					"cubes": [
						{
							"origin": [-9.81421, 12.13933, -2.84],
							"size": [2.84, 8.52, 5.68],
							"pivot": [-4.92967, 31.3844, 0.37075],
							"rotation": [0, 0, -47.5],
							"uv": {
								"north": {"uv": [32, 8], "uv_size": [3, 8.5]},
								"east": {"uv": [0, 0], "uv_size": [5.5, 8.5]},
								"south": {"uv": [0, 34], "uv_size": [3, 8.5]},
								"west": {"uv": [6, 0], "uv_size": [5.5, 8.5]},
								"up": {"uv": [26, 16], "uv_size": [3, 5.5]},
								"down": {"uv": [25, 50.5], "uv_size": [3, -5.5]}
							}
						},
						{
							"origin": [-9.81421, 11.07608, -0.49624],
							"size": [1.775, 8.52, 1.42],
							"pivot": [-4.92967, 31.3844, 0.37075],
							"rotation": [10, 0, -47.5],
							"uv": {
								"north": {"uv": [0, 43], "uv_size": [2, 8.5]},
								"east": {"uv": [5, 51], "uv_size": [1.5, 8.5]},
								"south": {"uv": [43, 25], "uv_size": [2, 8.5]},
								"west": {"uv": [0, 52], "uv_size": [1.5, 8.5]},
								"up": {"uv": [29, 20], "uv_size": [2, 1.5]},
								"down": {"uv": [46, 24.5], "uv_size": [2, -1.5]}
							}
						},
						{
							"origin": [-1.82013, 10.94733, 0.23399],
							"size": [1.775, 8.52, 1.42],
							"pivot": [-4.92967, 31.3844, 0.37075],
							"rotation": [-170, 0, 132.5],
							"uv": {
								"north": {"uv": [43, 34], "uv_size": [2, 8.5]},
								"east": {"uv": [35, 52], "uv_size": [1.5, 8.5]},
								"south": {"uv": [43, 43], "uv_size": [2, 8.5]},
								"west": {"uv": [43, 52], "uv_size": [1.5, 8.5]},
								"up": {"uv": [49, 9], "uv_size": [2, 1.5]},
								"down": {"uv": [5, 61.5], "uv_size": [2, -1.5]}
							}
						},
						{
							"origin": [-7.8397, 16.09009, -2.84],
							"size": [2.84, 4.26, 5.68],
							"pivot": [-4.92967, 31.3844, 0.37075],
							"rotation": [0, 0, -37.5],
							"uv": {
								"north": {"uv": [49, 4], "uv_size": [3, 4.5]},
								"east": {"uv": [25, 40], "uv_size": [5.5, 4.5]},
								"south": {"uv": [50, 43], "uv_size": [3, 4.5]},
								"west": {"uv": [41, 0], "uv_size": [5.5, 4.5]},
								"up": {"uv": [45, 25], "uv_size": [3, 5.5]},
								"down": {"uv": [28, 50.5], "uv_size": [3, -5.5]}
							}
						},
						{
							"origin": [-13.89748, 13.34538, -2.84],
							"size": [2.84, 5.68, 5.68],
							"pivot": [-4.92967, 31.3844, 0.37075],
							"rotation": [0, 0, -60],
							"uv": {
								"north": {"uv": [45, 31], "uv_size": [3, 5.5]},
								"east": {"uv": [23, 0], "uv_size": [5.5, 5.5]},
								"south": {"uv": [45, 37], "uv_size": [3, 5.5]},
								"west": {"uv": [25, 24], "uv_size": [5.5, 5.5]},
								"up": {"uv": [45, 43], "uv_size": [3, 5.5]},
								"down": {"uv": [46, 10.5], "uv_size": [3, -5.5]}
							}
						},
						{
							"origin": [-7.1022, 13.82821, -2.84],
							"size": [2.09, 6.11, 5.68],
							"pivot": [-3.3474, 32.25932, 0.37075],
							"rotation": [0, 0, -45],
							"uv": {
								"north": {"uv": [53, 42], "uv_size": [2, 6]},
								"east": {"uv": [17, 0], "uv_size": [5.5, 6]},
								"south": {"uv": [47, 53], "uv_size": [2, 6]},
								"west": {"uv": [8, 17], "uv_size": [5.5, 6]},
								"up": {"uv": [53, 54], "uv_size": [2, 5.5]},
								"down": {"uv": [13, 60.5], "uv_size": [2, -5.5]}
							}
						}
					]
				},
				{
					"name": "upperbody",
					"parent": "lowerbody",
					"pivot": [1.78583, 20.00146, 0],
					"rotation": [0, 0, -7.5],
					"cubes": [
						{
							"origin": [-10.89125, 19.98246, -2.84],
							"size": [2.09, 6.11, 5.68],
							"pivot": [-3.38645, 32.16357, 0.37075],
							"rotation": [0, 0, -47.5],
							"uv": {
								"north": {"uv": [53, 48], "uv_size": [2, 6]},
								"east": {"uv": [20, 6], "uv_size": [5.5, 6]},
								"south": {"uv": [49, 53], "uv_size": [2, 6]},
								"west": {"uv": [20, 12], "uv_size": [5.5, 6]},
								"up": {"uv": [15, 55], "uv_size": [2, 5.5]},
								"down": {"uv": [17, 60.5], "uv_size": [2, -5.5]}
							}
						},
						{
							"origin": [-8.39125, 19.98246, -2.84],
							"size": [2.09, 6.11, 5.68],
							"pivot": [-3.38645, 32.16357, 0.37075],
							"rotation": [0, 0, -47.5],
							"uv": {
								"north": {"uv": [51, 53], "uv_size": [2, 6]},
								"east": {"uv": [20, 18], "uv_size": [5.5, 6]},
								"south": {"uv": [54, 8], "uv_size": [2, 6]},
								"west": {"uv": [14, 22], "uv_size": [5.5, 6]},
								"up": {"uv": [40, 55], "uv_size": [2, 5.5]},
								"down": {"uv": [55, 47.5], "uv_size": [2, -5.5]}
							}
						},
						{
							"origin": [-9.64125, 25.93304, -5.68799],
							"size": [2.84, 4.26, 2.84],
							"pivot": [-3.38645, 32.16357, 0.37075],
							"rotation": [25, 0, -47.5],
							"uv": {
								"north": {"uv": [50, 48], "uv_size": [3, 4.5]},
								"east": {"uv": [2, 51], "uv_size": [3, 4.5]},
								"south": {"uv": [51, 9], "uv_size": [3, 4.5]},
								"west": {"uv": [51, 14], "uv_size": [3, 4.5]},
								"up": {"uv": [32, 17], "uv_size": [3, 3]},
								"down": {"uv": [56, 11], "uv_size": [3, -3]}
							}
						},
						{
							"origin": [-9.64125, 25.61967, 2.91746],
							"size": [2.84, 4.26, 2.84],
							"pivot": [-3.38645, 32.16357, 0.37075],
							"rotation": [-25, 0, -47.5],
							"uv": {
								"north": {"uv": [51, 19], "uv_size": [3, 4.5]},
								"east": {"uv": [51, 24], "uv_size": [3, 4.5]},
								"south": {"uv": [25, 51], "uv_size": [3, 4.5]},
								"west": {"uv": [28, 51], "uv_size": [3, 4.5]},
								"up": {"uv": [56, 11], "uv_size": [3, 3]},
								"down": {"uv": [19, 59], "uv_size": [3, -3]}
							}
						},
						{
							"origin": [-10.54834, 25.53852, -1.56145],
							"size": [4.26, 7.81, 3.55],
							"pivot": [-3.38645, 32.16357, 0.37075],
							"rotation": [-7.5, 27.5, -40],
							"uv": {
								"north": {"uv": [0, 9], "uv_size": [4.5, 8]},
								"east": {"uv": [19, 31], "uv_size": [3.5, 8]},
								"south": {"uv": [5, 9], "uv_size": [4.5, 8]},
								"west": {"uv": [31, 20], "uv_size": [3.5, 8]},
								"up": {"uv": [46, 11], "uv_size": [4.5, 3.5]},
								"down": {"uv": [46, 18.5], "uv_size": [4.5, -3.5]}
							}
						},
						{
							"origin": [-10.89073, 25.62437, -1.89914],
							"size": [4.26, 7.81, 3.55],
							"pivot": [-3.38645, 32.16357, 0.37075],
							"rotation": [7.5, -27.5, -40],
							"uv": {
								"north": {"uv": [10, 9], "uv_size": [4.5, 8]},
								"east": {"uv": [31, 28], "uv_size": [3.5, 8]},
								"south": {"uv": [12, 0], "uv_size": [4.5, 8]},
								"west": {"uv": [32, 0], "uv_size": [3.5, 8]},
								"up": {"uv": [46, 19], "uv_size": [4.5, 3.5]},
								"down": {"uv": [47, 3.5], "uv_size": [4.5, -3.5]}
							}
						},
						{
							"origin": [-10.40099, 25.6985, -2.485],
							"size": [4.26, 7.1, 4.97],
							"pivot": [-3.38645, 32.16357, 0.37075],
							"rotation": [0, 0, -40],
							"uv": {
								"north": {"uv": [8, 23], "uv_size": [4.5, 7]},
								"east": {"uv": [15, 8], "uv_size": [5, 7]},
								"south": {"uv": [20, 24], "uv_size": [4.5, 7]},
								"west": {"uv": [15, 15], "uv_size": [5, 7]},
								"up": {"uv": [41, 5], "uv_size": [4.5, 5]},
								"down": {"uv": [41, 15], "uv_size": [4.5, -5]}
							}
						}
					]
				},
				{
					"name": "neck",
					"parent": "upperbody",
					"pivot": [-8.25219, 28.93402, 0],
					"rotation": [0, 0, -12.5],
					"cubes": [
						{
							"origin": [-9.03104, 33.29507, -1.775],
							"size": [2.13, 3.55, 3.55],
							"pivot": [-2.80278, 31.03387, 0.37075],
							"rotation": [0, 0, -52.5],
							"uv": {
								"north": {"uv": [55, 56], "uv_size": [2, 3.5]},
								"east": {"uv": [52, 38], "uv_size": [3.5, 3.5]},
								"south": {"uv": [57, 4], "uv_size": [2, 3.5]},
								"west": {"uv": [31, 53], "uv_size": [3.5, 3.5]},
								"up": {"uv": [7, 57], "uv_size": [2, 3.5]},
								"down": {"uv": [11, 60.5], "uv_size": [2, -3.5]}
							}
						},
						{
							"origin": [-7.90802, 37.15476, -1.42],
							"size": [2.485, 4.26, 2.84],
							"pivot": [-2.80278, 31.03387, 0.37075],
							"rotation": [0, 0, -65],
							"uv": {
								"north": {"uv": [54, 14], "uv_size": [2.5, 4.5]},
								"east": {"uv": [37, 51], "uv_size": [3, 4.5]},
								"south": {"uv": [54, 19], "uv_size": [2.5, 4.5]},
								"west": {"uv": [52, 0], "uv_size": [3, 4.5]},
								"up": {"uv": [37, 56], "uv_size": [2.5, 3]},
								"down": {"uv": [56, 41], "uv_size": [2.5, -3]}
							}
						}
					]
				},
				{
					"name": "head",
					"parent": "neck",
					"pivot": [-13.96021, 31.72245, 0.00037],
					"rotation": [0, 0, 70],
					"cubes": [
						{
							"origin": [-16.41169, 31.04064, -2.13],
							"size": [4.26, 3.15, 4.26],
							"pivot": [-15.76196, 29.63296, 0],
							"rotation": [0, 0, -47.5],
							"uv": {
								"north": {"uv": [51, 29], "uv_size": [4.5, 3]},
								"east": {"uv": [52, 5], "uv_size": [4.5, 3]},
								"south": {"uv": [52, 32], "uv_size": [4.5, 3]},
								"west": {"uv": [52, 35], "uv_size": [4.5, 3]},
								"up": {"uv": [41, 15], "uv_size": [4.5, 4.5]},
								"down": {"uv": [41, 24.5], "uv_size": [4.5, -4.5]}
							}
						},
						{
							"origin": [-21.57248, 31.14952, -1.275],
							"size": [5.84, 1.275, 2.55],
							"pivot": [-15.76196, 29.63296, 0],
							"rotation": [0, 0, -52.5],
							"uv": {
								"north": {"uv": [17, 6], "uv_size": [3, 2]},
								"east": {"uv": [57, 14], "uv_size": [3.5, 2]},
								"south": {"uv": [57, 26], "uv_size": [3, 2]},
								"west": {"uv": [57, 16], "uv_size": [3.5, 2]},
								"up": {"uv": [54, 24], "uv_size": [3, 3.5]},
								"down": {"uv": [55, 3.5], "uv_size": [3, -3.5]}
							}
						},
						{
							"origin": [-17.84884, 31.03994, -1.60923],
							"size": [0.92, 1.42, 3.195],
							"pivot": [-15.76196, 29.63296, 0],
							"rotation": [5.33806, 65.04556, -49.81435],
							"uv": {
								"north": {"uv": [60, 60], "uv_size": [1.5, 1.5]},
								"east": {"uv": [57, 32], "uv_size": [3, 1.5]},
								"south": {"uv": [0, 61], "uv_size": [1.5, 1.5]},
								"west": {"uv": [57, 34], "uv_size": [3, 1.5]},
								"up": {"uv": [57, 42], "uv_size": [1.5, 3]},
								"down": {"uv": [57, 48], "uv_size": [1.5, -3]}
							}
						},
						{
							"origin": [-17.84248, 31.04021, -1.58984],
							"size": [0.92, 1.42, 3.195],
							"pivot": [-15.76196, 29.63296, 0],
							"rotation": [-5.3381, -65.0456, -49.81435],
							"uv": {
								"north": {"uv": [7, 61], "uv_size": [1.5, 1.5]},
								"east": {"uv": [57, 36], "uv_size": [3, 1.5]},
								"south": {"uv": [11, 61], "uv_size": [1.5, 1.5]},
								"west": {"uv": [57, 56], "uv_size": [3, 1.5]},
								"up": {"uv": [58, 0], "uv_size": [1.5, 3]},
								"down": {"uv": [22, 61], "uv_size": [1.5, -3]}
							}
						},
						{
							"origin": [-19.99028, 30.23705, -0.82],
							"size": [2.84, 1.375, 1.64],
							"pivot": [-18.57028, 31.12455, 0],
							"rotation": [0, 0, -90],
							"uv": {
								"north": {"uv": [24, 58], "uv_size": [3, 1.5]},
								"east": {"uv": [13, 61], "uv_size": [1.5, 1.5]},
								"south": {"uv": [27, 58], "uv_size": [3, 1.5]},
								"west": {"uv": [61, 14], "uv_size": [1.5, 1.5]},
								"up": {"uv": [30, 58], "uv_size": [3, 1.5]},
								"down": {"uv": [58, 49.5], "uv_size": [3, -1.5]}
							}
						},
						{
							"origin": [-18.35948, 29.5973, -0.59187],
							"size": [0.355, 1.065, 0.639],
							"pivot": [-15.76196, 29.63296, 0],
							"rotation": [46.51023, 57.40699, -8.64311],
							"uv": {
								"north": {"uv": [62, 39], "uv_size": [0.5, 1]},
								"east": {"uv": [29, 63], "uv_size": [0.5, 1]},
								"south": {"uv": [30, 63], "uv_size": [0.5, 1]},
								"west": {"uv": [63, 30], "uv_size": [0.5, 1]},
								"up": {"uv": [63, 57], "uv_size": [0.5, 0.5]},
								"down": {"uv": [63, 58.5], "uv_size": [0.5, -0.5]}
							}
						},
						{
							"origin": [-17.85945, 30.08661, -2.26349],
							"size": [0.355, 1.065, 0.639],
							"pivot": [-15.76196, 29.63296, 0],
							"rotation": [53.18385, 73.18361, -5.68385],
							"uv": {
								"north": {"uv": [31, 63], "uv_size": [0.5, 1]},
								"east": {"uv": [63, 31], "uv_size": [0.5, 1]},
								"south": {"uv": [32, 63], "uv_size": [0.5, 1]},
								"west": {"uv": [63, 32], "uv_size": [0.5, 1]},
								"up": {"uv": [63, 59], "uv_size": [0.5, 0.5]},
								"down": {"uv": [63, 60.5], "uv_size": [0.5, -0.5]}
							}
						},
						{
							"origin": [-17.85945, 30.08661, -3.76349],
							"size": [0.355, 1.065, 0.639],
							"pivot": [-15.76196, 29.63296, 0],
							"rotation": [53.18385, 73.18361, -5.68385],
							"uv": {
								"north": {"uv": [31, 63], "uv_size": [0.5, 1]},
								"east": {"uv": [63, 31], "uv_size": [0.5, 1]},
								"south": {"uv": [32, 63], "uv_size": [0.5, 1]},
								"west": {"uv": [63, 32], "uv_size": [0.5, 1]},
								"up": {"uv": [63, 59], "uv_size": [0.5, 0.5]},
								"down": {"uv": [63, 60.5], "uv_size": [0.5, -0.5]}
							}
						},
						{
							"origin": [-18.16357, 29.85336, 1.19038],
							"size": [0.355, 1.065, 0.639],
							"pivot": [-15.76196, 29.63296, 0],
							"rotation": [36.18383, 60.13517, -24.98216],
							"uv": {
								"north": {"uv": [33, 63], "uv_size": [0.5, 1]},
								"east": {"uv": [63, 33], "uv_size": [0.5, 1]},
								"south": {"uv": [34, 63], "uv_size": [0.5, 1]},
								"west": {"uv": [63, 34], "uv_size": [0.5, 1]},
								"up": {"uv": [63, 61], "uv_size": [0.5, 0.5]},
								"down": {"uv": [63, 62.5], "uv_size": [0.5, -0.5]}
							}
						},
						{
							"origin": [-18.35948, 29.5973, -0.04713],
							"size": [0.355, 1.065, 0.639],
							"pivot": [-15.76196, 29.63296, 0],
							"rotation": [-46.51023, -57.40699, -8.64311],
							"uv": {
								"north": {"uv": [35, 63], "uv_size": [0.5, 1]},
								"east": {"uv": [63, 35], "uv_size": [0.5, 1]},
								"south": {"uv": [36, 63], "uv_size": [0.5, 1]},
								"west": {"uv": [63, 36], "uv_size": [0.5, 1]},
								"up": {"uv": [63, 63], "uv_size": [0.5, 0.5]},
								"down": {"uv": [64, 0.5], "uv_size": [0.5, -0.5]}
							}
						},
						{
							"origin": [-17.85945, 30.08661, 1.62449],
							"size": [0.355, 1.065, 0.639],
							"pivot": [-15.76196, 29.63296, 0],
							"rotation": [-53.18385, -73.18361, -5.68385],
							"uv": {
								"north": {"uv": [37, 63], "uv_size": [0.5, 1]},
								"east": {"uv": [63, 37], "uv_size": [0.5, 1]},
								"south": {"uv": [38, 63], "uv_size": [0.5, 1]},
								"west": {"uv": [63, 38], "uv_size": [0.5, 1]},
								"up": {"uv": [64, 1], "uv_size": [0.5, 0.5]},
								"down": {"uv": [64, 2.5], "uv_size": [0.5, -0.5]}
							}
						},
						{
							"origin": [-17.85945, 30.08661, 3.62449],
							"size": [0.355, 1.065, 0.639],
							"pivot": [-15.76196, 29.63296, 0],
							"rotation": [-53.18385, -73.18361, -5.68385],
							"uv": {
								"north": {"uv": [37, 63], "uv_size": [0.5, 1]},
								"east": {"uv": [63, 37], "uv_size": [0.5, 1]},
								"south": {"uv": [38, 63], "uv_size": [0.5, 1]},
								"west": {"uv": [63, 38], "uv_size": [0.5, 1]},
								"up": {"uv": [64, 1], "uv_size": [0.5, 0.5]},
								"down": {"uv": [64, 2.5], "uv_size": [0.5, -0.5]}
							}
						},
						{
							"origin": [-18.16357, 29.85336, -1.82938],
							"size": [0.355, 1.065, 0.639],
							"pivot": [-15.76196, 29.63296, 0],
							"rotation": [-36.18383, -60.13517, -24.98216],
							"uv": {
								"north": {"uv": [39, 63], "uv_size": [0.5, 1]},
								"east": {"uv": [63, 39], "uv_size": [0.5, 1]},
								"south": {"uv": [40, 63], "uv_size": [0.5, 1]},
								"west": {"uv": [63, 40], "uv_size": [0.5, 1]},
								"up": {"uv": [64, 3], "uv_size": [0.5, 0.5]},
								"down": {"uv": [64, 4.5], "uv_size": [0.5, -0.5]}
							}
						}
					]
				},
				{
					"name": "jaw",
					"parent": "head",
					"pivot": [-14.43623, 32.6723, 0.03082],
					"rotation": [0, 0, -47.5],
					"cubes": [
						{
							"origin": [-16.91547, 29.3441, -1.485],
							"size": [2.34, 1.065, 3.97],
							"pivot": [-17.57271, 31.59639, 0],
							"rotation": [0, 0, -47.5],
							"uv": {
								"north": {"uv": [12, 8], "uv_size": [3, 1]},
								"east": {"uv": [56, 41], "uv_size": [5, 1]},
								"south": {"uv": [60, 2], "uv_size": [3, 1]},
								"west": {"uv": [30, 57], "uv_size": [5, 1]},
								"up": {"uv": [48, 23], "uv_size": [3, 5]},
								"down": {"uv": [48, 33], "uv_size": [3, -5]}
							}
						},
						{
							"origin": [-22.75547, 29.3441, -0.954],
							"size": [5.64, 1.065, 2.55],
							"pivot": [-17.57271, 31.59639, 0],
							"rotation": [0, 0, -47.5],
							"uv": {
								"north": {"uv": [24, 60], "uv_size": [3, 1]},
								"east": {"uv": [59, 13], "uv_size": [3.5, 1]},
								"south": {"uv": [60, 26], "uv_size": [3, 1]},
								"west": {"uv": [59, 40], "uv_size": [3.5, 1]},
								"up": {"uv": [55, 48], "uv_size": [3, 3.5]},
								"down": {"uv": [55, 55.5], "uv_size": [3, -3.5]}
							}
						},
						{
							"origin": [-19.23542, 29.3441, -1.08908],
							"size": [0.994, 1.065, 3.15],
							"pivot": [-17.57271, 31.59639, 0],
							"rotation": [0, -87.5, -47.5],
							"uv": {
								"north": {"uv": [14, 21], "uv_size": [1, 1]},
								"east": {"uv": [59, 46], "uv_size": [3.5, 1]},
								"south": {"uv": [13, 27], "uv_size": [1, 1]},
								"west": {"uv": [59, 47], "uv_size": [3.5, 1]},
								"up": {"uv": [49, 59], "uv_size": [1, 3.5]},
								"down": {"uv": [50, 62.5], "uv_size": [1, -3.5]}
							}
						},
						{
							"origin": [-19.78542, 29.3441, -1.86092],
							"size": [0.994, 1.065, 3.15],
							"pivot": [-17.57271, 31.59639, 0],
							"rotation": [0, 84, -47.5],
							"uv": {
								"north": {"uv": [14, 27], "uv_size": [-1, 1]},
								"east": {"uv": [62.5, 46], "uv_size": [-3.5, 1]},
								"south": {"uv": [15, 21], "uv_size": [-1, 1]},
								"west": {"uv": [62.5, 47], "uv_size": [-3.5, 1]},
								"up": {"uv": [49, 62.5], "uv_size": [1, -3.5]},
								"down": {"uv": [50, 59], "uv_size": [1, 3.5]}
							}
						},
						{
							"origin": [-19.85177, 30.60255, 0.40184],
							"size": [0.3, 1.065, 1.039],
							"pivot": [-17.67271, 31.49639, -0.1],
							"rotation": [-43.75651, 64.24628, -81.13364],
							"uv": {
								"north": {"uv": [63, 41], "uv_size": [0.5, 1]},
								"east": {"uv": [61, 41], "uv_size": [1.5, 1]},
								"south": {"uv": [63, 42], "uv_size": [0.5, 1]},
								"west": {"uv": [62, 18], "uv_size": [1.5, 1]},
								"up": {"uv": [19, 63], "uv_size": [0.5, 1.5]},
								"down": {"uv": [20, 64.5], "uv_size": [0.5, -1.5]}
							}
						},
						{
							"origin": [-19.78571, 30.27491, -1.94601],
							"size": [0.4, 1.065, 1.039],
							"pivot": [-17.67271, 31.49639, -0.1],
							"rotation": [-61.97531, 79.4475, -102.63966],
							"uv": {
								"north": {"uv": [63, 43], "uv_size": [0.5, 1]},
								"east": {"uv": [62, 19], "uv_size": [1.5, 1]},
								"south": {"uv": [63, 44], "uv_size": [0.5, 1]},
								"west": {"uv": [62, 20], "uv_size": [1.5, 1]},
								"up": {"uv": [21, 63], "uv_size": [0.5, 1.5]},
								"down": {"uv": [22, 64.5], "uv_size": [0.5, -1.5]}
							}
						},
						{
							"origin": [-19.78571, 30.27491, -3.94601],
							"size": [0.4, 1.065, 1.039],
							"pivot": [-17.67271, 31.49639, -0.1],
							"rotation": [-61.97531, 79.4475, -102.63966],
							"uv": {
								"north": {"uv": [63, 43], "uv_size": [0.5, 1]},
								"east": {"uv": [62, 19], "uv_size": [1.5, 1]},
								"south": {"uv": [63, 44], "uv_size": [0.5, 1]},
								"west": {"uv": [62, 20], "uv_size": [1.5, 1]},
								"up": {"uv": [21, 63], "uv_size": [0.5, 1.5]},
								"down": {"uv": [22, 64.5], "uv_size": [0.5, -1.5]}
							}
						},
						{
							"origin": [-19.57214, 30.50277, 1.78332],
							"size": [0.3, 1.065, 1.039],
							"pivot": [-17.67271, 31.49639, -0.1],
							"rotation": [-31.02229, 67.10914, -70.21061],
							"uv": {
								"north": {"uv": [45, 63], "uv_size": [0.5, 1]},
								"east": {"uv": [62, 21], "uv_size": [1.5, 1]},
								"south": {"uv": [63, 45], "uv_size": [0.5, 1]},
								"west": {"uv": [62, 22], "uv_size": [1.5, 1]},
								"up": {"uv": [23, 63], "uv_size": [0.5, 1.5]},
								"down": {"uv": [24, 64.5], "uv_size": [0.5, -1.5]}
							}
						},
						{
							"origin": [-17.83932, 30.08886, -1.65048],
							"size": [0.355, 1.065, 0.939],
							"pivot": [-17.26237, 30.71516, -1.2812],
							"rotation": [59.10561, -76.2673, -97.65324],
							"uv": {
								"north": {"uv": [46, 63], "uv_size": [0.5, 1]},
								"east": {"uv": [62, 23], "uv_size": [1.5, 1]},
								"south": {"uv": [63, 46], "uv_size": [0.5, 1]},
								"west": {"uv": [62, 24], "uv_size": [1.5, 1]},
								"up": {"uv": [25, 63], "uv_size": [0.5, 1.5]},
								"down": {"uv": [26, 64.5], "uv_size": [0.5, -1.5]}
							}
						},
						{
							"origin": [-17.26062, 29.9787, -0.72541],
							"size": [0.355, 1.065, 0.939],
							"pivot": [-17.26237, 30.71516, -1.2812],
							"rotation": [150.46657, -82.08764, 167.61667],
							"uv": {
								"north": {"uv": [47, 63], "uv_size": [0.5, 1]},
								"east": {"uv": [62, 25], "uv_size": [1.5, 1]},
								"south": {"uv": [63, 47], "uv_size": [0.5, 1]},
								"west": {"uv": [27, 62], "uv_size": [1.5, 1]},
								"up": {"uv": [63, 26], "uv_size": [0.5, 1.5]},
								"down": {"uv": [27, 64.5], "uv_size": [0.5, -1.5]}
							}
						},
						{
							"origin": [-16.01062, 29.9787, 1.27459],
							"size": [0.355, 1.065, 0.939],
							"pivot": [-17.26237, 30.71516, -1.2812],
							"rotation": [150.46657, -82.08764, 167.61667],
							"uv": {
								"north": {"uv": [47, 63], "uv_size": [0.5, 1]},
								"east": {"uv": [62, 25], "uv_size": [1.5, 1]},
								"south": {"uv": [63, 47], "uv_size": [0.5, 1]},
								"west": {"uv": [27, 62], "uv_size": [1.5, 1]},
								"up": {"uv": [63, 26], "uv_size": [0.5, 1.5]},
								"down": {"uv": [27, 64.5], "uv_size": [0.5, -1.5]}
							}
						},
						{
							"origin": [-17.34223, 30.39443, -2.78537],
							"size": [0.355, 1.065, 0.939],
							"pivot": [-17.26237, 30.71516, -1.2812],
							"rotation": [37.88412, -79.97942, -78.81752],
							"uv": {
								"north": {"uv": [48, 63], "uv_size": [0.5, 1]},
								"east": {"uv": [29, 62], "uv_size": [1.5, 1]},
								"south": {"uv": [63, 48], "uv_size": [0.5, 1]},
								"west": {"uv": [31, 62], "uv_size": [1.5, 1]},
								"up": {"uv": [28, 63], "uv_size": [0.5, 1.5]},
								"down": {"uv": [63, 29.5], "uv_size": [0.5, -1.5]}
							}
						}
					]
				},
				{
					"name": "Antlers",
					"parent": "head",
					"pivot": [-16.23502, 37.78263, -0.6061],
					"rotation": [0, 0, -60],
					"cubes": [
						{
							"origin": [-17.79836, 33.89851, -3.51356],
							"size": [0.955, 3.765, 1.239],
							"pivot": [-17.32086, 37.39707, -3.21742],
							"rotation": [76.08286, -52.69966, -33.02699],
							"uv": {
								"north": {"uv": [14, 17], "uv_size": [1, 4]},
								"east": {"uv": [13, 23], "uv_size": [1, 4]},
								"south": {"uv": [7, 34], "uv_size": [1, 4]},
								"west": {"uv": [36, 0], "uv_size": [1, 4]},
								"up": {"uv": [58, 3], "uv_size": [1, 1]},
								"down": {"uv": [33, 63], "uv_size": [1, -1]}
							}
						},
						{
							"origin": [-17.79836, 37.13136, -3.51723],
							"size": [0.955, 3.765, 1.239],
							"pivot": [-17.32086, 37.39707, -3.21742],
							"rotation": [98.58286, -52.69966, -33.02699],
							"uv": {
								"north": {"uv": [36, 4], "uv_size": [1, 4]},
								"east": {"uv": [2, 43], "uv_size": [1, 4]},
								"south": {"uv": [2, 47], "uv_size": [1, 4]},
								"west": {"uv": [47, 49], "uv_size": [1, 4]},
								"up": {"uv": [62, 33], "uv_size": [1, 1]},
								"down": {"uv": [34, 63], "uv_size": [1, -1]}
							}
						},
						{
							"origin": [-7.81203, 49.27046, -9.45818],
							"size": [0.455, 3.765, 0.439],
							"pivot": [0.91547, 38.65296, -8.83868],
							"rotation": [-15.22063, 1.94588, -57.99378],
							"uv": {
								"north": {"uv": [41, 61], "uv_size": [0.5, 4]},
								"east": {"uv": [43, 61], "uv_size": [0.5, 4]},
								"south": {"uv": [44, 61], "uv_size": [0.5, 4]},
								"west": {"uv": [61, 48], "uv_size": [0.5, 4]},
								"up": {"uv": [5, 64], "uv_size": [0.5, 0.5]},
								"down": {"uv": [64, 5.5], "uv_size": [0.5, -0.5]}
							}
						},
						{
							"origin": [-16.29663, 35.44223, 2.50322],
							"size": [0.955, 3.765, 1.239],
							"pivot": [-15.79413, 37.29079, 2.45295],
							"rotation": [47.92924, 65.9566, -67.27115],
							"uv": {
								"north": {"uv": [40, 51], "uv_size": [1, 4]},
								"east": {"uv": [33, 58], "uv_size": [1, 4]},
								"south": {"uv": [34, 58], "uv_size": [1, 4]},
								"west": {"uv": [59, 42], "uv_size": [1, 4]},
								"up": {"uv": [62, 34], "uv_size": [1, 1]},
								"down": {"uv": [62, 36], "uv_size": [1, -1]}
							}
						},
						{
							"origin": [-15.99663, 32.56827, 3.84652],
							"size": [0.455, 3.765, 0.439],
							"pivot": [-15.79413, 37.29079, 2.45295],
							"rotation": [17.92924, 65.9566, -67.27115],
							"uv": {
								"north": {"uv": [61, 52], "uv_size": [0.5, 4]},
								"east": {"uv": [53, 61], "uv_size": [0.5, 4]},
								"south": {"uv": [54, 61], "uv_size": [0.5, 4]},
								"west": {"uv": [55, 61], "uv_size": [0.5, 4]},
								"up": {"uv": [6, 64], "uv_size": [0.5, 0.5]},
								"down": {"uv": [64, 6.5], "uv_size": [0.5, -0.5]}
							}
						},
						{
							"origin": [-16.29663, 38.41691, 3.10461],
							"size": [0.955, 3.765, 1.239],
							"pivot": [-15.79413, 37.29079, 2.45295],
							"rotation": [70.42924, 65.9566, -67.27115],
							"uv": {
								"north": {"uv": [45, 59], "uv_size": [1, 4]},
								"east": {"uv": [46, 59], "uv_size": [1, 4]},
								"south": {"uv": [47, 59], "uv_size": [1, 4]},
								"west": {"uv": [48, 59], "uv_size": [1, 4]},
								"up": {"uv": [62, 36], "uv_size": [1, 1]},
								"down": {"uv": [62, 39], "uv_size": [1, -1]}
							}
						}
					]
				},
				{
					"name": "rightupperarm",
					"parent": "upperbody",
					"pivot": [-6.61402, 29.64241, 4.64754],
					"rotation": [4.83045, -1.29256, 14.94548],
					"cubes": [
						{
							"origin": [-10.09394, 14.09012, 4.21449],
							"size": [1.42, 17.04, 1.42],
							"pivot": [-6.22032, 32.46836, 0.45206],
							"rotation": [1.61738, -3.68425, -47.39118],
							"uv": {
								"north": {"uv": [11, 30], "uv_size": [1.5, 17]},
								"east": {"uv": [23, 31], "uv_size": [1.5, 17]},
								"south": {"uv": [3, 34], "uv_size": [1.5, 17]},
								"west": {"uv": [5, 34], "uv_size": [1.5, 17]},
								"up": {"uv": [15, 61], "uv_size": [1.5, 1.5]},
								"down": {"uv": [61, 17.5], "uv_size": [1.5, -1.5]}
							}
						},
						{
							"origin": [-8.23699, 14.02356, 4.21449],
							"size": [1.42, 17.04, 1.42],
							"pivot": [-6.22032, 32.46836, 0.45206],
							"rotation": [1.45497, -3.75128, -44.8868],
							"uv": {
								"north": {"uv": [35, 8], "uv_size": [1.5, 17]},
								"east": {"uv": [35, 25], "uv_size": [1.5, 17]},
								"south": {"uv": [31, 36], "uv_size": [1.5, 17]},
								"west": {"uv": [33, 36], "uv_size": [1.5, 17]},
								"up": {"uv": [17, 61], "uv_size": [1.5, 1.5]},
								"down": {"uv": [19, 62.5], "uv_size": [1.5, -1.5]}
							}
						}
					]
				},
				{
					"name": "rightlowerarm",
					"parent": "rightupperarm",
					"pivot": [4.02823, 18.45845, 5.20314],
					"rotation": [-5, 0, 0],
					"cubes": [
						{
							"origin": [7.25836, 4.69682, 0.58268],
							"size": [2.13, 17.04, 1.42],
							"pivot": [-6.22032, 32.00097, -0.75091],
							"rotation": [22.5, 0, 20],
							"uv": {
								"north": {"uv": [0, 17], "uv_size": [2, 17]},
								"east": {"uv": [37, 0], "uv_size": [1.5, 17]},
								"south": {"uv": [2, 17], "uv_size": [2, 17]},
								"west": {"uv": [37, 17], "uv_size": [1.5, 17]},
								"up": {"uv": [9, 60], "uv_size": [2, 1.5]},
								"down": {"uv": [27, 61.5], "uv_size": [2, -1.5]}
							}
						}
					]
				},
				{
					"name": "righthand",
					"parent": "rightlowerarm",
					"pivot": [-0.42699, 4.26206, 11.60289],
					"cubes": [
						{
							"origin": [-1.69998, 2.95194, 10.62857],
							"size": [2.84, 1.42, 1.42],
							"pivot": [-0.44278, 1.59991, 11.44009],
							"rotation": [0, -90, 0],
							"uv": {
								"north": {"uv": [58, 50], "uv_size": [3, 1.5]},
								"east": {"uv": [21, 61], "uv_size": [1.5, 1.5]},
								"south": {"uv": [58, 52], "uv_size": [3, 1.5]},
								"west": {"uv": [23, 61], "uv_size": [1.5, 1.5]},
								"up": {"uv": [58, 54], "uv_size": [3, 1.5]},
								"down": {"uv": [57, 59.5], "uv_size": [3, -1.5]}
							}
						},
						{
							"origin": [-0.63498, 0.82194, 10.98357],
							"size": [0.71, 2.13, 1.065],
							"pivot": [-0.44278, 1.59991, 11.44009],
							"rotation": [0, -90, 0],
							"uv": {
								"north": {"uv": [62, 42], "uv_size": [0.5, 2]},
								"east": {"uv": [19, 28], "uv_size": [1, 2]},
								"south": {"uv": [62, 44], "uv_size": [0.5, 2]},
								"west": {"uv": [7, 38], "uv_size": [1, 2]},
								"up": {"uv": [49, 63], "uv_size": [0.5, 1]},
								"down": {"uv": [63, 50], "uv_size": [0.5, -1]}
							}
						},
						{
							"origin": [-1.69998, 0.82194, 10.98357],
							"size": [0.71, 2.13, 1.065],
							"pivot": [-0.44278, 1.59991, 11.44009],
							"rotation": [0, -90, 0],
							"uv": {
								"north": {"uv": [62, 48], "uv_size": [0.5, 2]},
								"east": {"uv": [22, 56], "uv_size": [1, 2]},
								"south": {"uv": [62, 50], "uv_size": [0.5, 2]},
								"west": {"uv": [62, 3], "uv_size": [1, 2]},
								"up": {"uv": [50, 63], "uv_size": [0.5, 1]},
								"down": {"uv": [63, 51], "uv_size": [0.5, -1]}
							}
						},
						{
							"origin": [0.43002, 0.82194, 10.98357],
							"size": [0.71, 2.13, 1.065],
							"pivot": [-0.44278, 1.59991, 11.44009],
							"rotation": [0, -90, 0],
							"uv": {
								"north": {"uv": [62, 52], "uv_size": [0.5, 2]},
								"east": {"uv": [5, 62], "uv_size": [1, 2]},
								"south": {"uv": [62, 54], "uv_size": [0.5, 2]},
								"west": {"uv": [62, 5], "uv_size": [1, 2]},
								"up": {"uv": [51, 63], "uv_size": [0.5, 1]},
								"down": {"uv": [63, 52], "uv_size": [0.5, -1]}
							}
						},
						{
							"origin": [-1.52248, -1.223, 11.23687],
							"size": [0.355, 2.13, 0.71],
							"pivot": [-0.44278, 1.59991, 11.44009],
							"rotation": [0, -90, -7.5],
							"uv": {
								"north": {"uv": [56, 62], "uv_size": [0.5, 2]},
								"east": {"uv": [62, 56], "uv_size": [0.5, 2]},
								"south": {"uv": [57, 62], "uv_size": [0.5, 2]},
								"west": {"uv": [58, 62], "uv_size": [0.5, 2]},
								"up": {"uv": [64, 7], "uv_size": [0.5, 0.5]},
								"down": {"uv": [64, 8.5], "uv_size": [0.5, -0.5]}
							}
						},
						{
							"origin": [-0.42198, -1.223, 11.23687],
							"size": [0.355, 2.13, 0.71],
							"pivot": [-0.44278, 1.59991, 11.44009],
							"rotation": [0, -90, -7.5],
							"uv": {
								"north": {"uv": [62, 58], "uv_size": [0.5, 2]},
								"east": {"uv": [59, 62], "uv_size": [0.5, 2]},
								"south": {"uv": [60, 62], "uv_size": [0.5, 2]},
								"west": {"uv": [62, 60], "uv_size": [0.5, 2]},
								"up": {"uv": [9, 64], "uv_size": [0.5, 0.5]},
								"down": {"uv": [64, 9.5], "uv_size": [0.5, -0.5]}
							}
						},
						{
							"origin": [0.57202, -1.223, 11.23687],
							"size": [0.355, 2.13, 0.71],
							"pivot": [-0.44278, 1.59991, 11.44009],
							"rotation": [0, -90, -7.5],
							"uv": {
								"north": {"uv": [61, 62], "uv_size": [0.5, 2]},
								"east": {"uv": [62, 62], "uv_size": [0.5, 2]},
								"south": {"uv": [0, 63], "uv_size": [0.5, 2]},
								"west": {"uv": [1, 63], "uv_size": [0.5, 2]},
								"up": {"uv": [10, 64], "uv_size": [0.5, 0.5]},
								"down": {"uv": [64, 10.5], "uv_size": [0.5, -0.5]}
							}
						}
					]
				},
				{
					"name": "leftupperarm",
					"parent": "upperbody",
					"pivot": [-7.90774, 28.57838, -4.95823],
					"rotation": [-5, 0, 0],
					"cubes": [
						{
							"origin": [-10.5084, 16.36404, -6.09788],
							"size": [1.42, 17.04, 1.42],
							"pivot": [-3.38645, 32.61438, 0.038],
							"rotation": [-1.61738, 3.68425, -47.39118],
							"uv": {
								"north": {"uv": [37, 34], "uv_size": [1.5, 17]},
								"east": {"uv": [13, 38], "uv_size": [1.5, 17]},
								"south": {"uv": [15, 38], "uv_size": [1.5, 17]},
								"west": {"uv": [17, 38], "uv_size": [1.5, 17]},
								"up": {"uv": [25, 61], "uv_size": [1.5, 1.5]},
								"down": {"uv": [61, 29.5], "uv_size": [1.5, -1.5]}
							}
						},
						{
							"origin": [-8.74118, 16.15377, -6.09788],
							"size": [1.42, 17.04, 1.42],
							"pivot": [-3.38645, 32.61438, 0.038],
							"rotation": [-1.45497, 3.75128, -44.8868],
							"uv": {
								"north": {"uv": [39, 0], "uv_size": [1.5, 17]},
								"east": {"uv": [39, 17], "uv_size": [1.5, 17]},
								"south": {"uv": [19, 39], "uv_size": [1.5, 17]},
								"west": {"uv": [21, 39], "uv_size": [1.5, 17]},
								"up": {"uv": [61, 30], "uv_size": [1.5, 1.5]},
								"down": {"uv": [35, 62.5], "uv_size": [1.5, -1.5]}
							}
						}
					]
				},
				{
					"name": "leftlowerarm",
					"parent": "leftupperarm",
					"pivot": [3.39825, 17.68524, -8.06769],
					"rotation": [-20, 0, 0],
					"cubes": [
						{
							"origin": [-2.05197, 4.98101, -6.55456],
							"size": [2.13, 17.04, 1.42],
							"pivot": [-4.38315, 8.2873, -6.12059],
							"rotation": [0, 0, 25],
							"uv": {
								"north": {"uv": [4, 17], "uv_size": [2, 17]},
								"east": {"uv": [39, 34], "uv_size": [1.5, 17]},
								"south": {"uv": [6, 17], "uv_size": [2, 17]},
								"west": {"uv": [7, 40], "uv_size": [1.5, 17]},
								"up": {"uv": [29, 60], "uv_size": [2, 1.5]},
								"down": {"uv": [31, 61.5], "uv_size": [2, -1.5]}
							}
						}
					]
				},
				{
					"name": "lefthand",
					"parent": "leftlowerarm",
					"pivot": [-2.62153, 4.18462, -4.54042],
					"cubes": [
						{
							"origin": [-6.14727, 3.5963, -5.38189],
							"size": [2.84, 1.42, 1.42],
							"pivot": [-4.70965, 2.3706, -4.67531],
							"rotation": [40.07969, 59.67536, 91.36068],
							"uv": {
								"north": {"uv": [59, 3], "uv_size": [3, 1.5]},
								"east": {"uv": [37, 61], "uv_size": [1.5, 1.5]},
								"south": {"uv": [59, 5], "uv_size": [3, 1.5]},
								"west": {"uv": [39, 61], "uv_size": [1.5, 1.5]},
								"up": {"uv": [59, 7], "uv_size": [3, 1.5]},
								"down": {"uv": [59, 10.5], "uv_size": [3, -1.5]}
							}
						},
						{
							"origin": [-5.08227, 1.4663, -5.38189],
							"size": [0.71, 2.13, 1.065],
							"pivot": [-4.70965, 2.3706, -4.67531],
							"rotation": [40.07969, 59.67536, 91.36068],
							"uv": {
								"north": {"uv": [63, 2], "uv_size": [0.5, 2]},
								"east": {"uv": [6, 62], "uv_size": [1, 2]},
								"south": {"uv": [63, 4], "uv_size": [0.5, 2]},
								"west": {"uv": [62, 7], "uv_size": [1, 2]},
								"up": {"uv": [52, 63], "uv_size": [0.5, 1]},
								"down": {"uv": [63, 53], "uv_size": [0.5, -1]}
							}
						},
						{
							"origin": [-6.14727, 1.4663, -5.38189],
							"size": [0.71, 2.13, 1.065],
							"pivot": [-4.70965, 2.3706, -4.67531],
							"rotation": [40.07969, 59.67536, 91.36068],
							"uv": {
								"north": {"uv": [63, 6], "uv_size": [0.5, 2]},
								"east": {"uv": [9, 62], "uv_size": [1, 2]},
								"south": {"uv": [7, 63], "uv_size": [0.5, 2]},
								"west": {"uv": [62, 9], "uv_size": [1, 2]},
								"up": {"uv": [63, 53], "uv_size": [0.5, 1]},
								"down": {"uv": [63, 55], "uv_size": [0.5, -1]}
							}
						},
						{
							"origin": [-4.01727, 1.4663, -5.38189],
							"size": [0.71, 2.13, 1.065],
							"pivot": [-4.70965, 2.3706, -4.67531],
							"rotation": [40.07969, 59.67536, 91.36068],
							"uv": {
								"north": {"uv": [8, 63], "uv_size": [0.5, 2]},
								"east": {"uv": [10, 62], "uv_size": [1, 2]},
								"south": {"uv": [63, 8], "uv_size": [0.5, 2]},
								"west": {"uv": [62, 11], "uv_size": [1, 2]},
								"up": {"uv": [63, 55], "uv_size": [0.5, 1]},
								"down": {"uv": [63, 57], "uv_size": [0.5, -1]}
							}
						},
						{
							"origin": [-5.96977, -0.56547, -5.29263],
							"size": [0.355, 2.13, 0.71],
							"pivot": [-4.70965, 2.3706, -4.67531],
							"rotation": [47.57969, 59.67536, 91.36068],
							"uv": {
								"north": {"uv": [63, 10], "uv_size": [0.5, 2]},
								"east": {"uv": [11, 63], "uv_size": [0.5, 2]},
								"south": {"uv": [12, 63], "uv_size": [0.5, 2]},
								"west": {"uv": [63, 12], "uv_size": [0.5, 2]},
								"up": {"uv": [64, 11], "uv_size": [0.5, 0.5]},
								"down": {"uv": [64, 12.5], "uv_size": [0.5, -0.5]}
							}
						},
						{
							"origin": [-4.86927, -0.56547, -5.29263],
							"size": [0.355, 2.13, 0.71],
							"pivot": [-4.70965, 2.3706, -4.67531],
							"rotation": [47.57969, 59.67536, 91.36068],
							"uv": {
								"north": {"uv": [13, 63], "uv_size": [0.5, 2]},
								"east": {"uv": [14, 63], "uv_size": [0.5, 2]},
								"south": {"uv": [63, 14], "uv_size": [0.5, 2]},
								"west": {"uv": [15, 63], "uv_size": [0.5, 2]},
								"up": {"uv": [64, 13], "uv_size": [0.5, 0.5]},
								"down": {"uv": [64, 14.5], "uv_size": [0.5, -0.5]}
							}
						},
						{
							"origin": [-3.87527, -0.56547, -5.29263],
							"size": [0.355, 2.13, 0.71],
							"pivot": [-4.70965, 2.3706, -4.67531],
							"rotation": [47.57969, 59.67536, 91.36068],
							"uv": {
								"north": {"uv": [16, 63], "uv_size": [0.5, 2]},
								"east": {"uv": [63, 16], "uv_size": [0.5, 2]},
								"south": {"uv": [17, 63], "uv_size": [0.5, 2]},
								"west": {"uv": [18, 63], "uv_size": [0.5, 2]},
								"up": {"uv": [64, 15], "uv_size": [0.5, 0.5]},
								"down": {"uv": [64, 16.5], "uv_size": [0.5, -0.5]}
							}
						}
					]
				},
				{
					"name": "upperleftleg",
					"parent": "lowerbody",
					"pivot": [5.55731, 16.4933, -2.74472],
					"rotation": [-25, 0, -35],
					"cubes": [
						{
							"origin": [4.25967, 7.21698, -4.16534],
							"size": [2.84, 9.94, 1.42],
							"uv": {
								"north": {"uv": [26, 6], "uv_size": [3, 10]},
								"east": {"uv": [41, 45], "uv_size": [1.5, 10]},
								"south": {"uv": [13, 28], "uv_size": [3, 10]},
								"west": {"uv": [11, 47], "uv_size": [1.5, 10]},
								"up": {"uv": [59, 11], "uv_size": [3, 1.5]},
								"down": {"uv": [19, 60.5], "uv_size": [3, -1.5]}
							}
						},
						{
							"origin": [4.25967, 7.24319, -3.4771],
							"size": [2.84, 9.94, 0.923],
							"pivot": [2.13308, 0.25216, -0.41034],
							"rotation": [-2.5, 0, 0],
							"uv": {
								"north": {"uv": [16, 28], "uv_size": [3, 10]},
								"east": {"uv": [42, 55], "uv_size": [1, 10]},
								"south": {"uv": [29, 0], "uv_size": [3, 10]},
								"west": {"uv": [2, 56], "uv_size": [1, 10]},
								"up": {"uv": [60, 27], "uv_size": [3, 1]},
								"down": {"uv": [60, 33], "uv_size": [3, -1]}
							}
						}
					]
				},
				{
					"name": "lowerleftleg",
					"parent": "upperleftleg",
					"pivot": [5.49545, 7.38272, -3.25253],
					"rotation": [0, 0, 30],
					"cubes": [
						{
							"origin": [5.03488, -1.88333, -3.87675],
							"size": [1.775, 9.94, 1.42],
							"pivot": [5.35553, 0.75014, -3.13655],
							"rotation": [1.41958, 2.83218, -6.76395],
							"uv": {
								"north": {"uv": [9, 40], "uv_size": [2, 10]},
								"east": {"uv": [23, 48], "uv_size": [1.5, 10]},
								"south": {"uv": [41, 25], "uv_size": [2, 10]},
								"west": {"uv": [48, 33], "uv_size": [1.5, 10]},
								"up": {"uv": [60, 33], "uv_size": [2, 1.5]},
								"down": {"uv": [60, 36.5], "uv_size": [2, -1.5]}
							}
						}
					]
				},
				{
					"name": "leftfoot",
					"parent": "lowerleftleg",
					"pivot": [6.24871, -1.11394, -3.02935],
					"rotation": [0, 0, 10],
					"cubes": [
						{
							"origin": [2.93771, -2.30274, -5.17521],
							"size": [4.26, 1.42, 2.13],
							"pivot": [5.0454, 0.56673, -3.13655],
							"rotation": [26.88997, 2.54267, -6.75709],
							"uv": {
								"north": {"uv": [57, 18], "uv_size": [4.5, 1.5]},
								"east": {"uv": [60, 42], "uv_size": [2, 1.5]},
								"south": {"uv": [57, 20], "uv_size": [4.5, 1.5]},
								"west": {"uv": [60, 44], "uv_size": [2, 1.5]},
								"up": {"uv": [26, 22], "uv_size": [4.5, 2]},
								"down": {"uv": [25, 58], "uv_size": [4.5, -2]}
							}
						}
					]
				},
				{
					"name": "upperrightleg",
					"parent": "lowerbody",
					"pivot": [3.56683, 17.6676, 3.04229],
					"rotation": [22.5, 0, -5],
					"cubes": [
						{
							"origin": [2.27452, 8.10753, 2.56319],
							"size": [2.84, 9.94, 1.42],
							"uv": {
								"north": {"uv": [29, 10], "uv_size": [3, 10]},
								"east": {"uv": [48, 43], "uv_size": [1.5, 10]},
								"south": {"uv": [8, 30], "uv_size": [3, 10]},
								"west": {"uv": [45, 49], "uv_size": [1.5, 10]},
								"up": {"uv": [37, 59], "uv_size": [3, 1.5]},
								"down": {"uv": [59, 39.5], "uv_size": [3, -1.5]}
							}
						},
						{
							"origin": [2.27452, 8.10922, 2.48577],
							"size": [2.84, 9.94, 0.923],
							"pivot": [0.14452, -1.47747, -0.27681],
							"rotation": [2.5, 0, 0],
							"uv": {
								"north": {"uv": [25, 30], "uv_size": [3, 10]},
								"east": {"uv": [3, 56], "uv_size": [1, 10]},
								"south": {"uv": [28, 30], "uv_size": [3, 10]},
								"west": {"uv": [4, 56], "uv_size": [1, 10]},
								"up": {"uv": [60, 37], "uv_size": [3, 1]},
								"down": {"uv": [53, 61], "uv_size": [3, -1]}
							}
						}
					]
				},
				{
					"name": "lowerrightleg",
					"parent": "upperrightleg",
					"pivot": [3.41421, 8.49926, 2.58902],
					"rotation": [0, 0, -7.5],
					"cubes": [
						{
							"origin": [2.81038, -0.06204, 1.33389],
							"size": [1.775, 9.94, 1.42],
							"pivot": [0.35304, -1.06252, -0.27681],
							"rotation": [-4.95744, -0.65182, 0.02822],
							"uv": {
								"north": {"uv": [41, 35], "uv_size": [2, 10]},
								"east": {"uv": [9, 50], "uv_size": [1.5, 10]},
								"south": {"uv": [35, 42], "uv_size": [2, 10]},
								"west": {"uv": [50, 33], "uv_size": [1.5, 10]},
								"up": {"uv": [56, 60], "uv_size": [2, 1.5]},
								"down": {"uv": [60, 57.5], "uv_size": [2, -1.5]}
							}
						}
					]
				},
				{
					"name": "rightfoot",
					"parent": "lowerrightleg",
					"pivot": [3.59021, -0.13814, 2.04234],
					"rotation": [0, 0, 7.5],
					"cubes": [
						{
							"origin": [0.50139, -0.41215, 0.43319],
							"size": [4.26, 1.42, 2.13],
							"pivot": [0.50139, -1.47715, -0.27681],
							"rotation": [-22.5, 0, 0],
							"uv": {
								"north": {"uv": [57, 22], "uv_size": [4.5, 1.5]},
								"east": {"uv": [58, 60], "uv_size": [2, 1.5]},
								"south": {"uv": [57, 24], "uv_size": [4.5, 1.5]},
								"west": {"uv": [60, 58], "uv_size": [2, 1.5]},
								"up": {"uv": [56, 28], "uv_size": [4.5, 2]},
								"down": {"uv": [56, 32], "uv_size": [4.5, -2]}
							}
						}
					]
				}
			]
		}
	]
}