{
    "animations": {
        "animation.goatman.calm_idle": {
            "animation_length": 3,
            "bones": {
                "head": {
                    "rotation": {
                        "0.0": [
                            0,
                            0,
                            0
                        ],
                        "0.2": [
                            -27.5,
                            0,
                            0
                        ],
                        "0.4": [
                            62.5,
                            0,
                            0
                        ],
                        "0.6": [
                            21.99054,
                            12.19908,
                            -27.62113
                        ],
                        "0.8": [
                            -38.00946,
                            12.19908,
                            -27.62113
                        ],
                        "1.0": [
                            -39.59286,
                            -2.01194,
                            -45.18121
                        ],
                        "1.4": [
                            -55.30424,
                            -39.22354,
                            -4.43675
                        ],
                        "2.1": [
                            5.73271,
                            44.96848,
                            9.44034
                        ],
                        "2.6": [
                            -66.76729,
                            44.96848,
                            9.44034
                        ],
                        "3.0": [
                            0,
                            0,
                            0
                        ]
                    }
                },
                "jaw": {
                    "rotation": {
                        "0.0": [
                            0,
                            0,
                            20
                        ],
                        "0.3": [
                            0,
                            0,
                            -2.5
                        ],
                        "0.6": [
                            0,
                            0,
                            10
                        ],
                        "1.0": [
                            0,
                            0,
                            -35
                        ],
                        "1.5": [
                            0,
                            0,
                            25
                        ],
                        "2.0": [
                            0,
                            0,
                            15
                        ],
                        "2.4": [
                            0,
                            0,
                            22.5
                        ],
                        "2.6": [
                            0,
                            0,
                            -47.5
                        ],
                        "3.0": [
                            0,
                            0,
                            20
                        ]
                    }
                },
                "leftfoot": {
                    "rotation": {
                        "0.0": [
                            0,
                            0,
                            0
                        ],
                        "2.5": [
                            -17.5,
                            0,
                            -27.5
                        ],
                        "3.0": [
                            0,
                            0,
                            0
                        ]
                    }
                },
                "lefthand": {
                    "position": {
                        "0.0": [
                            0,
                            0,
                            0
                        ],
                        "1.2": [
                            -0.75,
                            0,
                            -2.5
                        ],
                        "1.6": [
                            1.25,
                            0,
                            -2.5
                        ],
                        "3.0": [
                            0,
                            0,
                            0
                        ]
                    },
                    "rotation": {
                        "0.0": [
                            0,
                            0,
                            -65
                        ],
                        "0.3": [
                            0,
                            0,
                            25
                        ],
                        "1.2": [
                            105,
                            0,
                            -72.5
                        ],
                        "1.6": [
                            187.5,
                            0,
                            -72.5
                        ],
                        "3.0": [
                            0,
                            0,
                            -65
                        ]
                    }
                },
                "leftlowerarm": {
                    "rotation": {
                        "0.0": [
                            0,
                            0,
                            25
                        ],
                        "0.3": [
                            0,
                            0,
                            -40
                        ],
                        "1.2": [
                            -6.27408,
                            39.40865,
                            -2.40119
                        ],
                        "1.6": [
                            38.88443,
                            42.92655,
                            62.13686
                        ],
                        "2.3": [
                            -7.94488,
                            24.74228,
                            -14.14999
                        ],
                        "3.0": [
                            0,
                            0,
                            25
                        ]
                    }
                },
                "leftupperarm": {
                    "rotation": {
                        "0.0": [
                            0,
                            0,
                            10
                        ],
                        "0.3": [
                            0,
                            0,
                            57.5
                        ],
                        "1.2": [
                            0.48299,
                            -35.07718,
                            80.73472
                        ],
                        "1.9": [
                            -3.32015,
                            -32.33759,
                            70.07841
                        ],
                        "2.1": [
                            -62.90593,
                            -30.76026,
                            63.94302
                        ],
                        "2.3": [
                            -70.84258,
                            -28.76178,
                            56.16944
                        ],
                        "3.0": [
                            0,
                            0,
                            10
                        ]
                    }
                },
                "lowerbody": {
                    "rotation": {
                        "0.0": [
                            0,
                            0,
                            -12.5
                        ],
                        "0.8": [
                            0,
                            0,
                            0
                        ],
                        "1.2": [
                            0,
                            0,
                            -2.5
                        ],
                        "1.4": [
                            0,
                            12.37562,
                            -2.5
                        ],
                        "1.7": [
                            0,
                            2.37562,
                            -2.5
                        ],
                        "2.2": [
                            0,
                            -6.24806,
                            -2.5
                        ],
                        "2.6": [
                            0,
                            -1.36056,
                            -2.5
                        ],
                        "3.0": [
                            0,
                            0,
                            -12.5
                        ]
                    }
                },
                "lowerleftleg": {
                    "rotation": {
                        "0.0": [
                            0,
                            0,
                            0
                        ],
                        "0.6": [
                            0,
                            0,
                            -40
                        ],
                        "0.8": [
                            7.5,
                            0,
                            -40
                        ],
                        "1.3": [
                            7.17982,
                            2.12901,
                            -56.42445
                        ],
                        "1.9": [
                            -8.99683,
                            2.12901,
                            -56.42445
                        ],
                        "2.1": [
                            6.39283,
                            -6.71337,
                            -61.17052
                        ],
                        "2.5": [
                            0.9615,
                            -9.21053,
                            -23.37263
                        ],
                        "3.0": [
                            0,
                            0,
                            0
                        ]
                    }
                },
                "lowerrightleg": {
                    "rotation": {
                        "0.0": [
                            0,
                            0,
                            0
                        ],
                        "0.2": [
                            0,
                            0,
                            -27.5
                        ],
                        "0.6": [
                            0,
                            0,
                            -52.5
                        ],
                        "0.9": [
                            0,
                            0,
                            -32.5
                        ],
                        "1.3": [
                            0,
                            0,
                            10
                        ],
                        "1.6": [
                            0,
                            0,
                            -12.5
                        ],
                        "2.2": [
                            0,
                            0,
                            -42.5
                        ],
                        "3.0": [
                            0,
                            0,
                            0
                        ]
                    }
                },
                "neck": {
                    "rotation": {
                        "0.0": [
                            0,
                            12.5,
                            0
                        ],
                        "0.2": [
                            0,
                            -45,
                            0
                        ],
                        "0.5": [
                            30,
                            -45,
                            0
                        ],
                        "0.8": [
                            29.64909,
                            44.38125,
                            43.91636
                        ],
                        "1.1": [
                            25.56682,
                            17.06445,
                            30.68526
                        ],
                        "1.3": [
                            20.53391,
                            22.28992,
                            16.75112
                        ],
                        "1.6": [
                            19.88656,
                            1.86532,
                            9.40668
                        ],
                        "1.9": [
                            18.50613,
                            6.6393,
                            -4.58597
                        ],
                        "2.3": [
                            16.99874,
                            -2.70728,
                            26.24698
                        ],
                        "2.6": [
                            25.02634,
                            41.04801,
                            44.4275
                        ],
                        "2.8": [
                            92.52634,
                            41.04801,
                            44.4275
                        ],
                        "3.0": [
                            0,
                            12.5,
                            0
                        ]
                    }
                },
                "rightfoot": {
                    "rotation": {
                        "0.0": [
                            0,
                            0,
                            0
                        ],
                        "0.9": [
                            0,
                            0,
                            -50
                        ],
                        "1.3": [
                            0,
                            0,
                            -10
                        ],
                        "3.0": [
                            0,
                            0,
                            0
                        ]
                    }
                },
                "righthand": {
                    "rotation": {
                        "0.0": [
                            0,
                            0,
                            -37.5
                        ],
                        "0.3": [
                            0,
                            0,
                            52.5
                        ],
                        "0.8": [
                            0,
                            0,
                            -55
                        ],
                        "1.2": [
                            0,
                            0,
                            25
                        ],
                        "3.0": [
                            0,
                            0,
                            -37.5
                        ]
                    }
                },
                "rightlowerarm": {
                    "rotation": {
                        "0.0": [
                            0,
                            0,
                            25
                        ],
                        "0.3": [
                            0,
                            0,
                            -5
                        ],
                        "0.8": [
                            0,
                            0,
                            42.5
                        ],
                        "1.2": [
                            0,
                            0,
                            0
                        ],
                        "3.0": [
                            0,
                            0,
                            25
                        ]
                    }
                },
                "rightupperarm": {
                    "rotation": {
                        "0.0": [
                            0,
                            0,
                            35
                        ],
                        "0.3": [
                            0,
                            0,
                            57.5
                        ],
                        "0.8": [
                            0,
                            0,
                            0
                        ],
                        "1.2": [
                            0,
                            0,
                            -15
                        ],
                        "3.0": [
                            0,
                            0,
                            35
                        ]
                    }
                },
                "upperbody": {
                    "rotation": {
                        "0.0": [
                            0,
                            0,
                            0
                        ],
                        "0.2": [
                            0,
                            0,
                            -22.5
                        ],
                        "0.4": [
                            0,
                            0,
                            -17.5
                        ],
                        "0.7": [
                            0,
                            0,
                            -10
                        ],
                        "0.9": [
                            0,
                            0,
                            -27.5
                        ],
                        "1.3": [
                            0,
                            11.336,
                            -22.38896
                        ],
                        "1.5": [
                            0,
                            -2.30595,
                            -22.38896
                        ],
                        "1.8": [
                            -0.19271,
                            -2.29772,
                            -17.59343
                        ],
                        "3.0": [
                            0,
                            0,
                            0
                        ]
                    }
                },
                "upperleftleg": {
                    "rotation": {
                        "0.0": [
                            0,
                            0,
                            0
                        ],
                        "0.5": [
                            0,
                            40,
                            0
                        ],
                        "0.6": [
                            3.50198,
                            13.98306,
                            20.94185
                        ],
                        "1.0": [
                            -3.29084,
                            -41.38239,
                            45.96503
                        ],
                        "1.3": [
                            2.10379,
                            -20.83139,
                            35.10016
                        ],
                        "1.6": [
                            -4.13199,
                            -9.7078,
                            58.36467
                        ],
                        "2.1": [
                            2.10379,
                            -20.83139,
                            35.10016
                        ],
                        "3.0": [
                            0,
                            0,
                            0
                        ]
                    }
                },
                "upperrightleg": {
                    "rotation": {
                        "0.0": [
                            0,
                            0,
                            0
                        ],
                        "0.2": [
                            0,
                            0,
                            22.5
                        ],
                        "0.9": [
                            0,
                            0,
                            47.5
                        ],
                        "1.3": [
                            0,
                            0,
                            -7.5
                        ],
                        "2.0": [
                            0,
                            0,
                            15
                        ],
                        "2.2": [
                            0,
                            0,
                            -10
                        ],
                        "2.5": [
                            0,
                            0,
                            27.5
                        ],
                        "3.0": [
                            0,
                            0,
                            0
                        ]
                    }
                }
            },
            "loop": true
        },
        "animation.goatman.calm_move": {
            "animation_length": 1.3125,
            "bones": {
                "base": {
                    "position": [
                        0,
                        -5,
                        0
                    ]
                },
                "head": {
                    "rotation": {
                        "0.0": [
                            0,
                            0,
                            0
                        ],
                        "0.3125": [
                            0.89286,
                            5.54129,
                            -36.58017
                        ],
                        "0.6875": [
                            -7.10052,
                            7.71868,
                            -10.16677
                        ],
                        "1.0": [
                            -31.81809,
                            -14.82332,
                            -22.39926
                        ],
                        "1.3125": [
                            0,
                            0,
                            0
                        ]
                    }
                },
                "jaw": {
                    "rotation": {
                        "0.0": [
                            0,
                            0,
                            0
                        ],
                        "0.25": [
                            0,
                            0,
                            22.5
                        ],
                        "0.4375": [
                            0,
                            0,
                            -17.5
                        ],
                        "0.8125": [
                            0,
                            0,
                            2.5
                        ],
                        "1.1875": [
                            0,
                            0,
                            -47.5
                        ],
                        "1.3125": [
                            0,
                            0,
                            0
                        ]
                    }
                },
                "leftfoot": {
                    "rotation": {
                        "0.0": [
                            0,
                            0,
                            -40
                        ],
                        "0.8125": [
                            0,
                            0,
                            -75
                        ],
                        "1.3125": [
                            0,
                            0,
                            -40
                        ]
                    }
                },
                "lefthand": {
                    "rotation": {
                        "0.0": [
                            0,
                            0,
                            0
                        ],
                        "1.3125": [
                            0,
                            0,
                            0
                        ]
                    }
                },
                "leftlowerarm": {
                    "rotation": {
                        "0.0": [
                            0,
                            0,
                            0
                        ],
                        "0.9375": [
                            0,
                            0,
                            27.5
                        ],
                        "1.3125": [
                            0,
                            0,
                            0
                        ]
                    }
                },
                "leftupperarm": {
                    "rotation": {
                        "0.0": [
                            0,
                            0,
                            -27.5
                        ],
                        "0.375": [
                            0,
                            0,
                            37.5
                        ],
                        "0.75": [
                            5.20359,
                            2.22514,
                            109.2989
                        ],
                        "1.3125": [
                            0,
                            0,
                            -27.5
                        ]
                    }
                },
                "lowerbody": {
                    "rotation": {
                        "0.0": [
                            0,
                            0,
                            -17.5
                        ],
                        "0.375": [
                            0,
                            0,
                            -25.31
                        ],
                        "0.75": [
                            0,
                            0,
                            -5
                        ],
                        "1.0625": [
                            0,
                            0,
                            1.11
                        ],
                        "1.3125": [
                            0,
                            0,
                            -17.5
                        ]
                    }
                },
                "lowerleftleg": {
                    "rotation": {
                        "0.0": [
                            0,
                            0,
                            -55
                        ],
                        "0.375": [
                            0,
                            0,
                            -72.5
                        ],
                        "1.3125": [
                            0,
                            0,
                            -55
                        ]
                    }
                },
                "lowerrightleg": {
                    "rotation": {
                        "0.0": [
                            0,
                            0,
                            -50
                        ],
                        "0.875": [
                            0,
                            0,
                            -80
                        ],
                        "1.3125": [
                            0,
                            0,
                            -50
                        ]
                    }
                },
                "neck": {
                    "rotation": {
                        "0.0": [
                            0,
                            0,
                            0
                        ],
                        "0.25": [
                            0,
                            0,
                            47.5
                        ],
                        "0.4375": [
                            6.08824,
                            -8.55692,
                            18.00562
                        ],
                        "0.75": [
                            0,
                            -38.00754,
                            47.5
                        ],
                        "0.8125": [
                            0,
                            7.06261,
                            47.5
                        ],
                        "1.0625": [
                            -4.65421,
                            9.38267,
                            25.78116
                        ],
                        "1.125": [
                            0,
                            23.14889,
                            47.5
                        ],
                        "1.3125": [
                            0,
                            0,
                            0
                        ]
                    }
                },
                "rightfoot": {
                    "rotation": {
                        "0.0": [
                            0,
                            0,
                            -57.5
                        ],
                        "0.375": [
                            0,
                            0,
                            -37.5
                        ],
                        "0.875": [
                            0,
                            0,
                            5
                        ],
                        "1.3125": [
                            0,
                            0,
                            -57.5
                        ]
                    }
                },
                "righthand": {
                    "rotation": {
                        "0.0": [
                            0,
                            0,
                            35
                        ],
                        "0.6875": [
                            0,
                            0,
                            -17.5
                        ],
                        "1.3125": [
                            0,
                            0,
                            35
                        ]
                    }
                },
                "rightlowerarm": {
                    "rotation": {
                        "0.0": [
                            0,
                            0,
                            55
                        ],
                        "0.25": [
                            0,
                            0,
                            37.5
                        ],
                        "1.0625": [
                            0,
                            0,
                            5
                        ],
                        "1.3125": [
                            0,
                            0,
                            55
                        ]
                    }
                },
                "rightupperarm": {
                    "rotation": {
                        "0.0": [
                            0,
                            0,
                            80
                        ],
                        "0.25": [
                            0,
                            0,
                            30
                        ],
                        "0.6875": [
                            0,
                            0,
                            -47.5
                        ],
                        "1.3125": [
                            0,
                            0,
                            80
                        ]
                    }
                },
                "upperbody": {
                    "rotation": {
                        "0.0": [
                            0,
                            0,
                            -32.5
                        ],
                        "0.4375": [
                            0,
                            0,
                            -17.5
                        ],
                        "0.8125": [
                            0,
                            0,
                            -43.13
                        ],
                        "1.3125": [
                            0,
                            0,
                            -32.5
                        ]
                    }
                },
                "upperleftleg": {
                    "rotation": {
                        "0.0": [
                            0,
                            0,
                            102.5
                        ],
                        "0.375": [
                            0,
                            0,
                            40
                        ],
                        "0.8125": [
                            0,
                            0,
                            25
                        ],
                        "1.3125": [
                            0,
                            0,
                            102.5
                        ]
                    }
                },
                "upperrightleg": {
                    "rotation": {
                        "0.0": [
                            0,
                            0,
                            -47.5
                        ],
                        "0.375": [
                            0,
                            0,
                            27.5
                        ],
                        "0.875": [
                            0,
                            0,
                            75
                        ],
                        "1.3125": [
                            0,
                            0,
                            -47.5
                        ]
                    }
                }
            },
            "loop": true
        },
        "animation.goatman.crouch_idle": {
            "animation_length": 0.5,
            "bones": {
                "head": {
                    "position": {
                        "0.0": [
                            -1.75,
                            -0.75,
                            0
                        ],
                        "0.3": [
                            -0.25,
                            -1.5,
                            0
                        ],
                        "0.5": [
                            -1.75,
                            -0.75,
                            0
                        ]
                    },
                    "rotation": {
                        "0.0": [
                            -0.43439,
                            -2.462,
                            -52.49067
                        ],
                        "0.3": [
                            -0.7522,
                            -2.38422,
                            -44.98435
                        ],
                        "0.5": [
                            -0.43439,
                            -2.462,
                            -52.49067
                        ]
                    }
                },
                "jaw": {
                    "rotation": {
                        "0.0": [
                            0,
                            0,
                            -73
                        ],
                        "0.2": [
                            0,
                            0,
                            -30.5
                        ],
                        "0.5": [
                            0,
                            0,
                            -73
                        ]
                    }
                },
                "leftfoot": {
                    "rotation": {
                        "0.0": [
                            0,
                            0,
                            32.5
                        ],
                        "0.5": [
                            0,
                            0,
                            32.5
                        ]
                    }
                },
                "lefthand": {
                    "position": {
                        "0.0": [
                            -0.2,
                            0.3,
                            0
                        ],
                        "0.5": [
                            -0.2,
                            0.3,
                            0
                        ]
                    },
                    "rotation": {
                        "0.0": [
                            -54.89549,
                            -20.88127,
                            -14.06573
                        ],
                        "0.2": [
                            39.37366,
                            -46.91981,
                            -42.94218
                        ],
                        "0.5": [
                            -54.89549,
                            -20.88127,
                            -14.06573
                        ]
                    }
                },
                "leftlowerarm": {
                    "position": {
                        "0.0": [
                            -0.8,
                            0,
                            0
                        ],
                        "0.5": [
                            -0.8,
                            0,
                            0
                        ]
                    },
                    "rotation": {
                        "0.0": [
                            0,
                            0,
                            5
                        ],
                        "0.5": [
                            0,
                            0,
                            5
                        ]
                    }
                },
                "leftupperarm": {
                    "rotation": {
                        "0.0": [
                            0,
                            0,
                            57.5
                        ],
                        "0.2": [
                            0,
                            0,
                            72.5
                        ],
                        "0.5": [
                            0,
                            0,
                            57.5
                        ]
                    }
                },
                "lowerbody": {
                    "position": {
                        "0.0": [
                            0,
                            -4.4,
                            0
                        ],
                        "0.2": [
                            0,
                            -4.4,
                            0
                        ],
                        "0.5": [
                            0,
                            -4.4,
                            0
                        ]
                    },
                    "rotation": {
                        "0.0": [
                            0,
                            0,
                            -17.5
                        ],
                        "0.5": [
                            0,
                            0,
                            -17.5
                        ]
                    }
                },
                "lowerleftleg": {
                    "rotation": {
                        "0.0": [
                            0,
                            0,
                            -72.5
                        ],
                        "0.5": [
                            0,
                            0,
                            -72.5
                        ]
                    }
                },
                "lowerlowerLeftArm": {
                    "rotation": {
                        "0.0": [
                            0,
                            0,
                            -20
                        ],
                        "0.2": [
                            0,
                            0,
                            -50
                        ],
                        "0.5": [
                            0,
                            0,
                            -20
                        ]
                    }
                },
                "lowerrightleg": {
                    "rotation": {
                        "0.0": [
                            0,
                            0,
                            -77.5
                        ],
                        "0.5": [
                            0,
                            0,
                            -77.5
                        ]
                    }
                },
                "neck": {
                    "position": {
                        "0.0": [
                            0.25,
                            -0.5,
                            0.75
                        ],
                        "0.5": [
                            0.25,
                            -0.5,
                            0.75
                        ]
                    },
                    "rotation": {
                        "0.0": [
                            0,
                            -5,
                            60
                        ],
                        "0.5": [
                            0,
                            -5,
                            60
                        ]
                    }
                },
                "rightfoot": {
                    "position": {
                        "0.0": [
                            -0.6,
                            0.4,
                            0
                        ],
                        "0.5": [
                            -0.6,
                            0.4,
                            0
                        ]
                    },
                    "rotation": {
                        "0.0": [
                            0,
                            0,
                            38
                        ],
                        "0.5": [
                            0,
                            0,
                            38
                        ]
                    }
                },
                "righthand": {
                    "position": {
                        "0.0": [
                            0.15,
                            -0.1,
                            -0.1
                        ],
                        "0.5": [
                            0.15,
                            -0.1,
                            -0.1
                        ]
                    },
                    "rotation": {
                        "0.0": [
                            87.98783,
                            51.83361,
                            112.24256
                        ],
                        "0.5": [
                            87.98783,
                            51.83361,
                            112.24256
                        ]
                    }
                },
                "rightlowerarm": {
                    "rotation": {
                        "0.0": [
                            -38.3833,
                            -21.63168,
                            -21.30838
                        ],
                        "0.2": [
                            -35,
                            0,
                            0
                        ],
                        "0.5": [
                            -38.3833,
                            -21.63168,
                            -21.30838
                        ]
                    }
                },
                "rightupperarm": {
                    "rotation": {
                        "0.0": [
                            16.27017,
                            -5.7638,
                            80.85393
                        ],
                        "0.2": [
                            23.77017,
                            -5.7638,
                            80.85393
                        ],
                        "0.5": [
                            16.27017,
                            -5.7638,
                            80.85393
                        ]
                    }
                },
                "upperbody": {
                    "rotation": {
                        "0.0": [
                            0,
                            0,
                            -3
                        ],
                        "0.5": [
                            0,
                            0,
                            -3
                        ]
                    }
                },
                "upperleftleg": {
                    "rotation": {
                        "0.0": [
                            0,
                            0,
                            63.5
                        ],
                        "0.5": [
                            0,
                            0,
                            63.5
                        ]
                    }
                },
                "upperrightleg": {
                    "rotation": {
                        "0.0": [
                            0.43458,
                            -2.99058,
                            60.01526
                        ],
                        "0.5": [
                            0.43458,
                            -2.99058,
                            60.01526
                        ]
                    }
                }
            },
            "loop": true
        },
        "animation.goatman.crouch_run_new": {
            "animation_length": 0.5,
            "bones": {
                "base": {
                    "rotation": [
                        -90,
                        20,
                        87.5
                    ]
                },
                "head": {
                    "position": [
                        -1,
                        -1.25,
                        0
                    ],
                    "rotation": {
                        "0.0": [
                            0,
                            0,
                            -27.5
                        ],
                        "0.0333": [
                            14.06166,
                            -24.76798,
                            -9.65639
                        ],
                        "0.0667": [
                            0,
                            0,
                            -27.5
                        ],
                        "0.1": [
                            14.06166,
                            -24.76798,
                            -9.65639
                        ],
                        "0.1333": [
                            0,
                            0,
                            -27.5
                        ],
                        "0.1667": [
                            14.06166,
                            -24.76798,
                            -9.65639
                        ],
                        "0.2": [
                            0,
                            0,
                            -27.5
                        ],
                        "0.2333": [
                            14.06166,
                            -24.76798,
                            -9.65639
                        ],
                        "0.2667": [
                            0,
                            0,
                            -27.5
                        ],
                        "0.3": [
                            14.06166,
                            -24.76798,
                            -9.65639
                        ],
                        "0.3333": [
                            0,
                            0,
                            -27.5
                        ],
                        "0.3667": [
                            14.06166,
                            -24.76798,
                            -9.65639
                        ],
                        "0.4": [
                            0,
                            0,
                            -27.5
                        ],
                        "0.4333": [
                            14.06166,
                            -24.76798,
                            -9.65639
                        ],
                        "0.4667": [
                            0,
                            0,
                            -27.5
                        ],
                        "0.5": [
                            14.06166,
                            -24.76798,
                            -9.65639
                        ]
                    }
                },
                "jaw": {
                    "rotation": {
                        "0.0": [
                            0,
                            0,
                            -45
                        ],
                        "0.2667": [
                            0,
                            0,
                            -62
                        ],
                        "0.5": [
                            0,
                            0,
                            -45
                        ]
                    }
                },
                "leftfoot": {
                    "rotation": [
                        0,
                        0,
                        12.5
                    ]
                },
                "lefthand": {
                    "position": [
                        0,
                        0.75,
                        -1.75
                    ],
                    "rotation": [
                        -168.85157,
                        22.52101,
                        -187.77356
                    ]
                },
                "leftlowerarm": {
                    "position": {
                        "0.0": [
                            0,
                            0,
                            0
                        ],
                        "0.2667": [
                            0.5,
                            0,
                            0
                        ],
                        "0.5": [
                            0,
                            0,
                            0
                        ]
                    },
                    "rotation": {
                        "0.0": [
                            0,
                            0,
                            10
                        ],
                        "0.2667": [
                            0,
                            0,
                            -52.5
                        ],
                        "0.5": [
                            0,
                            0,
                            10
                        ]
                    }
                },
                "leftupperarm": {
                    "rotation": {
                        "0.0": [
                            0,
                            0,
                            187.5
                        ],
                        "0.2667": [
                            0,
                            0,
                            32.5
                        ],
                        "0.5": [
                            0,
                            0,
                            187.5
                        ]
                    }
                },
                "lowerbody": {
                    "position": {
                        "0.0": [
                            0,
                            -5,
                            0
                        ],
                        "0.0667": [
                            -0.25,
                            -3.75,
                            0.25
                        ],
                        "0.2333": [
                            0,
                            -4,
                            0
                        ],
                        "0.3": [
                            -0.25,
                            -3.75,
                            -0.25
                        ],
                        "0.5": [
                            0,
                            -5,
                            0
                        ]
                    },
                    "rotation": {
                        "0.0": [
                            0,
                            0,
                            -17.5
                        ],
                        "0.3": [
                            0,
                            0,
                            -25
                        ],
                        "0.5": [
                            0,
                            0,
                            -17.5
                        ]
                    }
                },
                "lowerleftleg": {
                    "rotation": {
                        "0.0": [
                            0,
                            0,
                            -80
                        ],
                        "0.1": [
                            0,
                            0,
                            -92.86
                        ],
                        "0.2333": [
                            0,
                            0,
                            -57.5
                        ],
                        "0.3667": [
                            0,
                            0,
                            -95
                        ],
                        "0.5": [
                            0,
                            0,
                            -87.5
                        ]
                    }
                },
                "lowerlowerLeftArm": {
                    "rotation": {
                        "0.0": [
                            0,
                            0,
                            -35
                        ],
                        "0.2667": [
                            0,
                            0,
                            -54
                        ],
                        "0.5": [
                            0,
                            0,
                            -35
                        ]
                    }
                },
                "lowerrightleg": {
                    "rotation": {
                        "0.0": [
                            0,
                            0,
                            -60
                        ],
                        "0.1333": [
                            0,
                            0,
                            -96.79
                        ],
                        "0.2333": [
                            0,
                            0,
                            -85
                        ],
                        "0.3667": [
                            0,
                            0,
                            -95
                        ],
                        "0.5": [
                            0,
                            0,
                            -60
                        ]
                    }
                },
                "neck": {
                    "position": {
                        "0.0": [
                            3.3,
                            0,
                            0
                        ],
                        "0.2667": [
                            2.8,
                            0,
                            0
                        ],
                        "0.5": [
                            3.3,
                            0,
                            0
                        ]
                    },
                    "rotation": {
                        "0.0": [
                            0,
                            0,
                            60
                        ],
                        "0.1": [
                            0,
                            0,
                            56
                        ],
                        "0.2333": [
                            0,
                            0,
                            60
                        ],
                        "0.3333": [
                            0,
                            0,
                            57
                        ],
                        "0.5": [
                            0,
                            0,
                            60
                        ]
                    }
                },
                "rightfoot": {
                    "rotation": {
                        "0.0": [
                            0,
                            0,
                            0
                        ],
                        "0.1667": [
                            0,
                            0,
                            17.5
                        ]
                    }
                },
                "righthand": {
                    "position": {
                        "0.0": [
                            0,
                            0,
                            0
                        ],
                        "0.1": [
                            -0.45,
                            0.06,
                            0
                        ],
                        "0.2667": [
                            -1.2,
                            1,
                            0.8
                        ],
                        "0.5": [
                            0,
                            0,
                            0
                        ]
                    },
                    "rotation": {
                        "0.0": [
                            0,
                            0,
                            0
                        ],
                        "0.2667": [
                            35.06695,
                            -69.26172,
                            58.25703
                        ],
                        "0.5": [
                            0,
                            0,
                            0
                        ]
                    }
                },
                "rightlowerarm": {
                    "rotation": {
                        "0.0": [
                            0,
                            0,
                            30
                        ],
                        "0.2667": [
                            0,
                            0,
                            -87.5
                        ],
                        "0.5": [
                            0,
                            0,
                            30
                        ]
                    }
                },
                "rightupperarm": {
                    "rotation": {
                        "0.0": [
                            0.24133,
                            -17.43127,
                            135.9259
                        ],
                        "0.2667": [
                            8.79614,
                            6.79533,
                            45.03341
                        ],
                        "0.5": [
                            0.24133,
                            -17.43127,
                            135.9259
                        ]
                    }
                },
                "upperbody": {
                    "rotation": {
                        "0.0": [
                            0,
                            0,
                            -65.5
                        ],
                        "0.2667": [
                            0,
                            0,
                            -58
                        ],
                        "0.5": [
                            0,
                            0,
                            -65.5
                        ]
                    }
                },
                "upperleftleg": {
                    "rotation": {
                        "0.0": [
                            0,
                            0,
                            86
                        ],
                        "0.2333": [
                            -7,
                            0,
                            -16.5
                        ],
                        "0.5": [
                            0,
                            0,
                            86
                        ]
                    }
                },
                "upperrightleg": {
                    "rotation": {
                        "0.0": [
                            10,
                            0,
                            -27.5
                        ],
                        "0.2333": [
                            0,
                            0,
                            85
                        ],
                        "0.5": [
                            10,
                            0,
                            -27.5
                        ]
                    }
                }
            },
            "loop": true
        },
        "animation.goatman.flee": {
            "animation_length": 0.5,
            "bones": {
                "head": {
                    "rotation": {
                        "0.0": [
                            0,
                            0,
                            0
                        ],
                        "0.25": [
                            42.5,
                            -75,
                            0
                        ],
                        "0.5": [
                            0,
                            0,
                            0
                        ]
                    }
                },
                "jaw": {
                    "rotation": {
                        "0.0": [
                            0,
                            0,
                            22.5
                        ],
                        "0.25": [
                            0,
                            0,
                            -27.5
                        ],
                        "0.5": [
                            0,
                            0,
                            22.5
                        ]
                    }
                },
                "leftlowerarm": {
                    "rotation": {
                        "0.0": [
                            0,
                            0,
                            0
                        ],
                        "0.25": [
                            0,
                            0,
                            -55
                        ],
                        "0.5": [
                            0,
                            0,
                            0
                        ]
                    }
                },
                "leftupperarm": {
                    "rotation": {
                        "0.0": [
                            0,
                            0,
                            102.5
                        ],
                        "0.25": [
                            0,
                            0,
                            45
                        ],
                        "0.5": [
                            0,
                            0,
                            102.5
                        ]
                    }
                },
                "lowerbody": {
                    "rotation": {
                        "0.0": [
                            0,
                            0,
                            0
                        ],
                        "0.25": [
                            0,
                            0,
                            12.5
                        ],
                        "0.5": [
                            0,
                            0,
                            0
                        ]
                    }
                },
                "lowerleftleg": {
                    "rotation": {
                        "0.0": [
                            0,
                            0,
                            -90
                        ],
                        "0.5": [
                            0,
                            0,
                            -90
                        ]
                    }
                },
                "lowerrightleg": {
                    "rotation": {
                        "0.0": [
                            2.5,
                            0,
                            -17.5
                        ],
                        "0.25": [
                            1.52251,
                            1.98315,
                            -69.97365
                        ],
                        "0.5": [
                            2.5,
                            0,
                            -17.5
                        ]
                    }
                },
                "neck": {
                    "rotation": {
                        "0.0": [
                            0,
                            0,
                            0
                        ],
                        "0.25": [
                            0,
                            0,
                            17.5
                        ],
                        "0.5": [
                            0,
                            0,
                            0
                        ]
                    }
                },
                "rightupperarm": {
                    "rotation": {
                        "0.0": [
                            0,
                            0,
                            82.5
                        ],
                        "0.25": [
                            0,
                            0,
                            25
                        ],
                        "0.5": [
                            0,
                            0,
                            82.5
                        ]
                    }
                },
                "upperbody": {
                    "rotation": {
                        "0.0": [
                            0,
                            0,
                            -37.5
                        ],
                        "0.25": [
                            0,
                            0,
                            -55
                        ],
                        "0.5": [
                            0,
                            0,
                            -37.5
                        ]
                    }
                },
                "upperleftleg": {
                    "rotation": {
                        "0.0": [
                            30,
                            0,
                            55
                        ],
                        "0.25": [
                            28.69066,
                            3.37562,
                            12.60879
                        ],
                        "0.5": [
                            30,
                            0,
                            55
                        ]
                    }
                },
                "upperrightleg": {
                    "rotation": {
                        "0.0": [
                            -12.5,
                            0,
                            32.5
                        ],
                        "0.25": [
                            -19.46487,
                            9.53274,
                            -39.74687
                        ],
                        "0.5": [
                            -12.5,
                            0,
                            32.5
                        ]
                    }
                }
            },
            "loop": true
        },
        "animation.goatman.new_run": {
            "animation_length": 0.53333,
            "bones": {
                "head": {
                    "rotation": {
                        "0.0": [
                            0,
                            0,
                            0
                        ],
                        "0.1333": [
                            0,
                            -42.5,
                            0
                        ],
                        "0.2667": [
                            62.5,
                            -42.5,
                            0
                        ],
                        "0.3333": [
                            49.72281,
                            -42.46879,
                            0.03841
                        ],
                        "0.5333": [
                            0,
                            0,
                            0
                        ]
                    }
                },
                "jaw": {
                    "rotation": {
                        "0.0": [
                            0,
                            0,
                            0
                        ],
                        "0.1333": [
                            0,
                            0,
                            30
                        ],
                        "0.2667": [
                            0,
                            0,
                            -12.5
                        ],
                        "0.4667": [
                            0,
                            0,
                            -30
                        ],
                        "0.5333": [
                            0,
                            0,
                            0
                        ]
                    }
                },
                "leftfoot": {
                    "rotation": {
                        "0.0": [
                            0,
                            0,
                            15
                        ],
                        "0.5333": [
                            0,
                            0,
                            15
                        ]
                    }
                },
                "leftlowerarm": {
                    "rotation": {
                        "0.0": [
                            0,
                            0,
                            0
                        ],
                        "0.2": [
                            2.06949,
                            7.63587,
                            21.21849
                        ],
                        "0.4": [
                            6.23237,
                            13.8589,
                            43.24366
                        ],
                        "0.5333": [
                            0,
                            0,
                            0
                        ]
                    }
                },
                "leftupperarm": {
                    "rotation": {
                        "0.0": [
                            0,
                            0,
                            100
                        ],
                        "0.2": [
                            0,
                            0,
                            77.5
                        ],
                        "0.4": [
                            0,
                            0,
                            -40
                        ],
                        "0.5333": [
                            0,
                            0,
                            100
                        ]
                    }
                },
                "lowerbody": {
                    "position": {
                        "0.0": [
                            0,
                            0,
                            0
                        ],
                        "0.2": [
                            0,
                            -3,
                            0
                        ],
                        "0.5333": [
                            0,
                            0,
                            0
                        ]
                    },
                    "rotation": {
                        "0.0": [
                            0,
                            0,
                            0
                        ],
                        "0.0667": [
                            0,
                            0,
                            12.5
                        ],
                        "0.2667": [
                            0,
                            0,
                            -12.5
                        ],
                        "0.4": [
                            0,
                            0,
                            2.5
                        ],
                        "0.5333": [
                            0,
                            0,
                            0
                        ]
                    }
                },
                "lowerleftleg": {
                    "rotation": {
                        "0.0": [
                            0,
                            0,
                            -70
                        ],
                        "0.2": [
                            0,
                            0,
                            -110
                        ],
                        "0.5333": [
                            0,
                            0,
                            -70
                        ]
                    }
                },
                "lowerrightleg": {
                    "rotation": {
                        "0.0": [
                            0,
                            0,
                            -37.5
                        ],
                        "0.5333": [
                            0,
                            0,
                            -37.5
                        ]
                    }
                },
                "neck": {
                    "rotation": {
                        "0.0": [
                            0,
                            0,
                            0
                        ],
                        "0.2": [
                            0,
                            0,
                            30
                        ],
                        "0.3333": [
                            0,
                            12.5,
                            17.5
                        ],
                        "0.4": [
                            0,
                            -9.11454,
                            17.5
                        ],
                        "0.5333": [
                            0,
                            0,
                            0
                        ]
                    }
                },
                "rightlowerarm": {
                    "rotation": {
                        "0.0": [
                            0,
                            0,
                            52.5
                        ],
                        "0.2": [
                            -11.40745,
                            -8.75321,
                            4.20585
                        ],
                        "0.4": [
                            -13.34534,
                            -2.72357,
                            23.38137
                        ],
                        "0.5333": [
                            0,
                            0,
                            52.5
                        ]
                    }
                },
                "rightupperarm": {
                    "rotation": {
                        "0.0": [
                            0,
                            0,
                            57.5
                        ],
                        "0.2": [
                            0,
                            0,
                            20
                        ],
                        "0.4": [
                            0,
                            0,
                            62.5
                        ],
                        "0.5333": [
                            0,
                            0,
                            57.5
                        ]
                    }
                },
                "upperbody": {
                    "rotation": {
                        "0.0": [
                            0,
                            0,
                            -27.5
                        ],
                        "0.2": [
                            0,
                            0,
                            -67.5
                        ],
                        "0.4": [
                            0,
                            0,
                            -32.5
                        ],
                        "0.5333": [
                            0,
                            0,
                            -27.5
                        ]
                    }
                },
                "upperleftleg": {
                    "rotation": {
                        "0.0": [
                            0,
                            0,
                            25
                        ],
                        "0.2": [
                            0,
                            0,
                            85
                        ],
                        "0.4": [
                            0,
                            0,
                            110
                        ],
                        "0.5333": [
                            0,
                            0,
                            25
                        ]
                    }
                },
                "upperrightleg": {
                    "rotation": {
                        "0.0": [
                            0,
                            0,
                            42.5
                        ],
                        "0.2": [
                            0,
                            0,
                            -10
                        ],
                        "0.4": [
                            0,
                            0,
                            -42.5
                        ],
                        "0.5333": [
                            0,
                            0,
                            42.5
                        ]
                    }
                }
            },
            "loop": true
        },
        "animation.goatman.run": {
            "animation_length": 0.5,
            "bones": {
                "head": {
                    "rotation": [
                        0,
                        0,
                        5
                    ]
                },
                "jaw": {
                    "rotation": {
                        "0.0": [
                            0,
                            0,
                            -30
                        ],
                        "0.25": [
                            0,
                            0,
                            2.5
                        ],
                        "0.5": [
                            0,
                            0,
                            -27.5
                        ]
                    }
                },
                "leftupperarm": {
                    "rotation": {
                        "0.0": [
                            0,
                            0,
                            7.5
                        ],
                        "0.125": [
                            0,
                            0,
                            15
                        ],
                        "0.25": [
                            0,
                            0,
                            7.5
                        ],
                        "0.375": [
                            0,
                            0,
                            12.5
                        ],
                        "0.5": [
                            0,
                            0,
                            7.5
                        ]
                    }
                },
                "lowerbody": {
                    "position": {
                        "0.0": [
                            0,
                            -1,
                            0
                        ],
                        "0.125": [
                            -0.5,
                            0.5,
                            0
                        ],
                        "0.25": [
                            0,
                            0,
                            0
                        ],
                        "0.375": [
                            -0.5,
                            0.5,
                            0
                        ],
                        "0.5": [
                            0,
                            0,
                            0
                        ]
                    }
                },
                "lowerleftleg": {
                    "rotation": {
                        "0.0": [
                            0,
                            0,
                            0
                        ],
                        "0.125": [
                            0,
                            0,
                            -27.5
                        ],
                        "0.25": [
                            0,
                            0,
                            -42.5
                        ],
                        "0.375": [
                            0,
                            0,
                            17.5
                        ],
                        "0.5": [
                            0,
                            0,
                            0
                        ]
                    }
                },
                "lowerrightleg": {
                    "rotation": {
                        "0.0": [
                            0,
                            0,
                            0
                        ],
                        "0.125": [
                            0,
                            0,
                            20
                        ],
                        "0.25": [
                            0,
                            0,
                            0
                        ],
                        "0.375": [
                            0,
                            0,
                            -22.5
                        ],
                        "0.5": [
                            0,
                            0,
                            -22.5
                        ]
                    }
                },
                "neck": {
                    "rotation": [
                        0,
                        0,
                        12.5
                    ]
                },
                "rightupperarm": {
                    "rotation": {
                        "0.0": [
                            0,
                            0,
                            17.5
                        ],
                        "0.125": [
                            0,
                            0,
                            10
                        ],
                        "0.25": [
                            0,
                            0,
                            17.5
                        ],
                        "0.375": [
                            0,
                            0,
                            7.5
                        ],
                        "0.5": [
                            0,
                            0,
                            17.5
                        ]
                    }
                },
                "upperbody": {
                    "rotation": [
                        0,
                        0,
                        -10
                    ]
                },
                "upperleftleg": {
                    "rotation": {
                        "0.0": [
                            0,
                            0,
                            0
                        ],
                        "0.125": [
                            0,
                            0,
                            -70
                        ],
                        "0.25": [
                            0,
                            0,
                            12.5
                        ],
                        "0.375": [
                            0,
                            0,
                            40
                        ],
                        "0.5": [
                            0,
                            0,
                            0
                        ]
                    }
                },
                "upperrightleg": {
                    "rotation": {
                        "0.0": [
                            0,
                            0,
                            0
                        ],
                        "0.125": [
                            0,
                            0,
                            35
                        ],
                        "0.25": [
                            0,
                            0,
                            0
                        ],
                        "0.375": [
                            0,
                            0,
                            -57.5
                        ],
                        "0.5": [
                            0,
                            0,
                            10
                        ]
                    }
                }
            },
            "loop": true
        },
        "animation.goatman.run_idle": {
            "animation_length": 1.5,
            "bones": {
                "head": {
                    "rotation": {
                        "0.0": [
                            0,
                            0,
                            17.5
                        ],
                        "0.2083": [
                            0,
                            0,
                            17.5
                        ],
                        "0.25": [
                            107.5,
                            0,
                            17.5
                        ],
                        "0.2917": [
                            0,
                            0,
                            17.5
                        ]
                    }
                },
                "jaw": {
                    "rotation": [
                        0,
                        0,
                        -45
                    ]
                },
                "lefthand": {
                    "rotation": {
                        "0.0": [
                            0,
                            0,
                            0
                        ],
                        "0.75": [
                            0,
                            0,
                            -37.5
                        ],
                        "1.5": [
                            0,
                            0,
                            0
                        ]
                    }
                },
                "leftlowerarm": {
                    "rotation": [
                        0,
                        0,
                        25
                    ]
                },
                "leftupperarm": {
                    "rotation": [
                        -9.38941,
                        -14.7033,
                        16.25889
                    ]
                },
                "lowerbody": {
                    "position": [
                        0,
                        0,
                        0
                    ],
                    "rotation": [
                        0,
                        0,
                        -12.5
                    ]
                },
                "lowerleftleg": {
                    "rotation": [
                        0,
                        0,
                        0
                    ]
                },
                "lowerlowerLeftArm": {
                    "rotation": {
                        "0.0": [
                            0,
                            0,
                            0
                        ],
                        "0.75": [
                            0,
                            0,
                            -32.5
                        ],
                        "1.5": [
                            0,
                            0,
                            0
                        ]
                    }
                },
                "lowerrightleg": {
                    "rotation": [
                        0,
                        0,
                        -10
                    ]
                },
                "neck": {
                    "rotation": [
                        0,
                        0,
                        12.5
                    ]
                },
                "rightlowerarm": {
                    "rotation": [
                        0,
                        0,
                        57.5
                    ]
                },
                "rightupperarm": {
                    "rotation": {
                        "0.0": [
                            4.96221,
                            11.82821,
                            2.09381
                        ],
                        "0.75": [
                            3.3284,
                            13.02203,
                            -5.48856
                        ],
                        "1.5": [
                            4.96221,
                            11.82821,
                            2.09381
                        ]
                    }
                },
                "upperbody": {
                    "position": {
                        "0.0": [
                            0,
                            0,
                            0
                        ],
                        "0.5": [
                            0,
                            0.3,
                            0
                        ],
                        "1.5": [
                            0,
                            0,
                            0
                        ]
                    },
                    "rotation": [
                        0,
                        0,
                        0
                    ]
                },
                "upperleftleg": {
                    "rotation": [
                        -0.69275,
                        1.33048,
                        14.99196
                    ]
                },
                "upperrightleg": {
                    "rotation": [
                        -2.59867,
                        -1.49949,
                        20.03401
                    ]
                }
            },
            "loop": true
        },
        "animation.goatman.spotted": {
            "bones": {
                "head": {
                    "position": [
                        -0.5,
                        0,
                        0
                    ],
                    "rotation": [
                        28.26952,
                        -29.09793,
                        -40.78017
                    ]
                },
                "jaw": {
                    "rotation": [
                        0,
                        0,
                        -37.5
                    ]
                },
                "lefthand": {
                    "rotation": [
                        0,
                        0,
                        -72.5
                    ]
                },
                "leftlowerarm": {
                    "position": [
                        0,
                        -2.6,
                        0.8
                    ],
                    "rotation": [
                        44.66569,
                        4.20854,
                        -9.07947
                    ]
                },
                "leftupperarm": {
                    "rotation": [
                        -48.38579,
                        -26.66839,
                        -27.40216
                    ]
                },
                "lowerbody": {
                    "rotation": [
                        0,
                        0,
                        32.5
                    ]
                },
                "lowerleftleg": {
                    "rotation": [
                        0,
                        0,
                        -65
                    ]
                },
                "lowerrightleg": {
                    "rotation": [
                        0,
                        0,
                        -30
                    ]
                },
                "neck": {
                    "rotation": [
                        0,
                        0,
                        -27.5
                    ]
                },
                "righthand": {
                    "position": [
                        -1.25,
                        0,
                        0
                    ],
                    "rotation": [
                        -9.92926,
                        -20.29348,
                        91.78135
                    ]
                },
                "rightlowerarm": {
                    "rotation": [
                        -37.5,
                        0,
                        -62.5
                    ]
                },
                "rightupperarm": {
                    "rotation": [
                        25,
                        0,
                        0
                    ]
                },
                "upperleftleg": {
                    "rotation": [
                        0,
                        0,
                        -20
                    ]
                }
            },
            "loop": true
        }
    },
    "format_version": "1.8.0"
}